{"stats":{"minecraft:custom":{"minecraft:time_since_rest":5118,"minecraft:open_chest":4,"minecraft:play_time":5118,"minecraft:sprint_one_cm":1793,"minecraft:walk_one_cm":18076,"minecraft:sneak_time":2,"minecraft:jump":24,"minecraft:leave_game":1,"minecraft:time_since_death":5118,"minecraft:total_world_time":5118,"minecraft:interact_with_crafting_table":2,"minecraft:fall_one_cm":267,"minecraft:fly_one_cm":343},"minecraft:crafted":{"minecraft:spruce_door":3,"minecraft:crafting_table":1,"minecraft:spruce_planks":28,"minecraft:wooden_pickaxe":1},"minecraft:mined":{"minecraft:grass_block":3,"minecraft:dirt":3,"minecraft:oak_planks":1,"minecraft:white_carpet":3,"minecraft:spruce_leaves":10,"minecraft:spruce_log":9,"minecraft:stone":12,"projectvibrantjourneys:bark_mushroom":1,"minecraft:crafting_table":1},"minecraft:used":{"minecraft:spruce_door":1,"minecraft:crafting_table":1,"minecraft:spruce_planks":7,"minecraft:wooden_pickaxe":12,"minecraft:spruce_log":1},"minecraft:picked_up":{"minecraft:crafting_table":1,"minecraft:stick":2,"minecraft:white_carpet":3,"projectvibrantjourneys:bark_mushroom":1,"minecraft:spruce_log":8,"minecraft:oak_planks":1,"minecraft:dirt":6,"minecraft:cobblestone":12}},"DataVersion":3465}