{"stats":{"minecraft:mined":{"minecraft:grass":3},"minecraft:custom":{"minecraft:time_since_rest":12993,"minecraft:sprint_one_cm":133584,"minecraft:damage_taken":1340,"minecraft:walk_one_cm":93919,"minecraft:damage_absorbed":304,"minecraft:mob_kills":53,"minecraft:drop":12,"minecraft:damage_dealt":5835,"minecraft:swim_one_cm":1453,"minecraft:fly_one_cm":77340,"minecraft:crouch_one_cm":223,"minecraft:play_time":37452,"minecraft:deaths":1,"tombstone:undead_killed":32,"minecraft:sneak_time":106,"minecraft:walk_under_water_one_cm":1375,"minecraft:jump":284,"minecraft:leave_game":2,"minecraft:walk_on_water_one_cm":2812,"minecraft:time_since_death":13836,"minecraft:total_world_time":37452,"minecraft:damage_resisted":46,"minecraft:fall_one_cm":4660},"minecraft:crafted":{"tombstone:grave_key":1},"minecraft:killed":{"minecraft:sheep":2,"minecraft:skeleton":11,"minecraft:zombie":21,"ecologics:coconut_crab":3,"minecraft:spider":7,"minecraft:bat":2,"minecraft:creeper":2},"minecraft:dropped":{"jeg:waterpipe_shotgun":1,"minecraft:golden_apple":11},"minecraft:picked_up":{"minecraft:stick":1,"ecologics:coconut_slice":8,"minecraft:dandelion":1,"tombstone:grave_dust":1,"minecraft:carrot":2,"minecraft:gunpowder":1,"minecraft:spider_eye":3,"minecraft:string":8,"minecraft:bundle":1,"minecraft:bone":6,"minecraft:arrow":10,"minecraft:rotten_flesh":17,"jeg:waterpipe_shotgun":1,"minecraft:golden_apple":2,"projectvibrantjourneys:sandy_sprouts":1,"tombstone:magic_scroll":1,"projectvibrantjourneys:twigs":1,"ecologics:crab_claw":1},"minecraft:killed_by":{"minecraft:zombie":1},"minecraft:used":{"epicsamurai:gold_samurai_helmet":1,"epicsamurai:gold_samurai_boots":1,"epicsamurai:gold_samurai_leggings":1,"minecraft:zombie_spawn_egg":1,"epicsamurai:gold_samurai_chestplate":1,"jeg:burst_rifle":142,"epicsamurai:katana":128,"minecraft:golden_apple":9,"jeg:revolver":82,"jeg:waterpipe_shotgun":12,"minecraft:enchanted_golden_apple":2}},"DataVersion":3465}