{"stats":{"minecraft:crafted":{"minecraft:smooth_stone":15,"epicsamurai:silver_ingot":8,"minecraft:iron_nugget":9,"minecraft:spruce_button":5,"minecraft:furnace":4,"minecraft:blast_furnace":1,"minecraft:stone":15,"minecraft:mushroom_stew":1,"minecraft:spruce_pressure_plate":2,"epicsamurai:red_samurai_chestplate":1,"minecraft:stone_pickaxe":2,"minecraft:chest":6,"minecraft:iron_door":3,"minecraft:crafting_table":4,"minecraft:spruce_planks":96,"skilltree:iron_ring":2,"minecraft:bowl":4,"edible_zombie_flesh:cooked_flesh":13,"minecraft:stone_axe":1,"epicsamurai:white_samurai_helmet_light":1,"minecraft:air":0,"minecraft:iron_chestplate":1,"minecraft:stick":28,"minecraft:iron_ingot":60,"minecraft:iron_pickaxe":2,"minecraft:iron_leggings":1,"minecraft:stone_sword":1,"minecraft:gold_ingot":5,"epicsamurai:steel_ingot":9,"minecraft:torch":76,"epicsamurai:white_samurai_leggings":1},"minecraft:custom":{"minecraft:mob_kills":43,"minecraft:interact_with_crafting_table":42,"minecraft:open_barrel":6,"minecraft:leave_game":5,"minecraft:time_since_death":100630,"minecraft:climb_one_cm":184,"minecraft:sprint_one_cm":170072,"minecraft:walk_one_cm":366119,"minecraft:drop":46,"minecraft:play_time":156758,"minecraft:sneak_time":2301,"minecraft:deaths":9,"minecraft:walk_under_water_one_cm":40608,"minecraft:jump":1295,"minecraft:interact_with_blast_furnace":6,"minecraft:walk_on_water_one_cm":25096,"minecraft:total_world_time":156758,"minecraft:interact_with_furnace":39,"minecraft:interact_with_loom":2,"minecraft:sleep_in_bed":1,"minecraft:time_since_rest":28394,"minecraft:damage_taken":3564,"minecraft:damage_dealt":7201,"minecraft:swim_one_cm":7658,"minecraft:fly_one_cm":165504,"minecraft:player_kills":3,"minecraft:open_chest":25,"minecraft:crouch_one_cm":3973,"tombstone:undead_killed":27,"minecraft:fall_one_cm":19259},"minecraft:used":{"minecraft:moss_carpet":2,"minecraft:stone_sword":127,"minecraft:chest":6,"minecraft:spruce_planks":6,"minecraft:rotten_flesh":10,"minecraft:iron_chestplate":1,"minecraft:torch":83,"minecraft:dirt":51,"projectvibrantjourneys:bark_mushroom":1,"minecraft:granite":2,"minecraft:snowball":1,"minecraft:spruce_button":4,"minecraft:furnace":4,"tombstone:gift":3,"minecraft:iron_leggings":1,"minecraft:diorite":6,"minecraft:stone_pickaxe":211,"minecraft:sand":1,"minecraft:crafting_table":5,"minecraft:mushroom_stew":1,"minecraft:blast_furnace":1,"minecraft:oak_log":1,"minecraft:iron_pickaxe":390,"minecraft:spruce_pressure_plate":2,"minecraft:iron_door":2,"minecraft:stone_axe":55,"minecraft:cobblestone":47,"edible_zombie_flesh:cooked_flesh":6,"alexsmobs:animal_dictionary":1},"minecraft:broken":{"minecraft:stone_pickaxe":1,"minecraft:iron_pickaxe":1},"minecraft:mined":{"minecraft:tuff":25,"minecraft:spruce_planks":1,"projectvibrantjourneys:rocks":3,"minecraft:granite":3,"epicsamurai:deepslate_ruby_ore":5,"epicsamurai:silver_ore":16,"minecraft:grass_block":19,"minecraft:spruce_leaves":4,"minecraft:large_fern":2,"minecraft:furnace":3,"minecraft:iron_ore":27,"minecraft:andesite":8,"minecraft:deepslate_lapis_ore":4,"minecraft:deepslate_iron_ore":32,"epicsamurai:deepslate_silver_ore":5,"projectvibrantjourneys:seashells":1,"minecraft:stone":210,"minecraft:deepslate_redstone_ore":6,"minecraft:flowering_azalea":1,"minecraft:brown_mushroom":1,"jeg:scrap_ore":19,"minecraft:clay":2,"minecraft:crafting_table":1,"minecraft:torch":6,"minecraft:spruce_button":2,"projectvibrantjourneys:mossy_rocks":1,"minecraft:copper_ore":8,"minecraft:cobblestone":10,"minecraft:lapis_ore":5,"minecraft:deepslate_gold_ore":5,"minecraft:sugar_cane":2,"minecraft:diorite":13,"minecraft:wall_torch":5,"minecraft:deepslate_copper_ore":9,"jeg:deepslate_scrap_ore":8,"projectvibrantjourneys:light_brown_bark_mushroom":1,"projectvibrantjourneys:bones":1,"minecraft:spruce_log":30,"k_turrets:titanium_ore":3,"minecraft:grass":3,"minecraft:oak_log":1,"projectvibrantjourneys:spruce_hollow_log":2,"minecraft:coal_ore":75,"projectvibrantjourneys:short_grass":2,"projectvibrantjourneys:pinecones":1,"minecraft:sand":1,"minecraft:dirt":46,"minecraft:deepslate":83,"minecraft:fern":2},"minecraft:picked_up":{"minecraft:crafting_table":2,"minecraft:clay_ball":12,"minecraft:brown_mushroom":1,"minecraft:wooden_pickaxe":2,"edible_zombie_flesh:cooked_flesh":1,"minecraft:enchanted_book":2,"minecraft:string":5,"minecraft:raw_copper":58,"minecraft:moss_carpet":5,"minecraft:spruce_planks":16,"minecraft:azalea":1,"minecraft:iron_nugget":2,"minecraft:iron_pickaxe":1,"minecraft:sugar_cane":32,"minecraft:furnace":3,"minecraft:stick":6,"minecraft:raw_iron":87,"projectvibrantjourneys:bark_mushroom":4,"minecraft:torch":15,"minecraft:bowl":8,"minecraft:diorite":11,"minecraft:redstone":23,"minecraft:rotten_flesh":24,"minecraft:arrow":29,"jeg:healing_talisman":5,"minecraft:stone_sword":1,"k_turrets:raw_titanium":10,"minecraft:snowball":14,"minecraft:cobblestone":280,"minecraft:andesite":5,"minecraft:red_mushroom":1,"minecraft:oak_log":1,"jeg:scrap":62,"minecraft:gunpowder":6,"projectvibrantjourneys:spruce_hollow_log":2,"minecraft:lapis_lazuli":56,"skilltree:gem":38,"minecraft:dirt":60,"jeg:grenade":3,"minecraft:bone":24,"minecraft:raw_gold":5,"minecraft:iron_ingot":12,"minecraft:stone_pickaxe":1,"minecraft:moss_block":8,"jeg:tech_trash":6,"epicsamurai:raw_silver":21,"minecraft:flowering_azalea":1,"projectvibrantjourneys:light_brown_bark_mushroom":2,"minecraft:gravel":7,"minecraft:sand":1,"minecraft:spruce_log":32,"alexsmobs:animal_dictionary":1,"minecraft:bundle":2,"minecraft:slime_ball":7,"minecraft:granite":2,"minecraft:bone_meal":3,"minecraft:spruce_button":5,"tombstone:magic_scroll":1,"epicsamurai:ruby":5,"minecraft:coal":127},"minecraft:killed":{"minecraft:spider":4,"minecraft:slime":7,"minecraft:skeleton":9,"minecraft:drowned":4,"jeg:ghoul":4,"minecraft:salmon":1,"minecraft:creeper":3,"minecraft:zombie":10},"minecraft:killed_by":{"minecraft:player":2,"minecraft:slime":1,"minecraft:skeleton":3,"minecraft:zombie":1,"epicsamurai:kitsune":1},"minecraft:dropped":{"minecraft:iron_ingot":12,"minecraft:moss_block":8,"minecraft:crafting_table":1,"minecraft:cobblestone":1,"minecraft:spruce_button":2,"minecraft:stick":4,"edible_zombie_flesh:cooked_flesh":1,"minecraft:diorite":3,"minecraft:torch":2,"skilltree:gem":3,"minecraft:iron_door":1,"minecraft:snowball":8,"tombstone:grave_dust":1,"minecraft:bone_meal":1,"minecraft:flowering_azalea":1,"minecraft:iron_pickaxe":1,"minecraft:smooth_stone":12,"minecraft:string":3,"projectvibrantjourneys:bark_mushroom":2,"minecraft:bone":12,"minecraft:gravel":7,"minecraft:moss_carpet":3,"minecraft:iron_nugget":3,"minecraft:stone_sword":2,"minecraft:bowl":8,"projectvibrantjourneys:light_brown_bark_mushroom":1,"minecraft:spruce_planks":6,"minecraft:andesite":2,"minecraft:azalea":1,"minecraft:arrow":13,"minecraft:wooden_pickaxe":1,"minecraft:stone_pickaxe":2}},"DataVersion":3465}