{"stats":{"minecraft:used":{"minecraft:moss_carpet":2,"minecraft:stone_sword":127,"minecraft:spruce_planks":6,"minecraft:chest":2,"minecraft:rotten_flesh":10,"minecraft:iron_chestplate":1,"minecraft:torch":77,"minecraft:dirt":51,"minecraft:granite":2,"minecraft:snowball":1,"minecraft:furnace":3,"tombstone:gift":3,"minecraft:diorite":1,"minecraft:stone_pickaxe":211,"minecraft:sand":1,"minecraft:crafting_table":4,"minecraft:mushroom_stew":1,"minecraft:iron_pickaxe":150,"minecraft:stone_axe":23,"minecraft:cobblestone":14,"edible_zombie_flesh:cooked_flesh":4,"alexsmobs:animal_dictionary":1},"minecraft:broken":{"minecraft:stone_pickaxe":1},"minecraft:crafted":{"epicsamurai:silver_ingot":8,"minecraft:iron_nugget":9,"minecraft:spruce_button":1,"minecraft:furnace":3,"minecraft:mushroom_stew":1,"minecraft:stone_pickaxe":2,"minecraft:chest":2,"minecraft:crafting_table":3,"minecraft:spruce_planks":56,"skilltree:iron_ring":2,"minecraft:bowl":4,"edible_zombie_flesh:cooked_flesh":13,"minecraft:stone_axe":1,"minecraft:air":0,"minecraft:iron_chestplate":1,"minecraft:stick":24,"minecraft:iron_ingot":15,"minecraft:iron_pickaxe":1,"minecraft:stone_sword":1,"minecraft:torch":68},"minecraft:picked_up":{"minecraft:crafting_table":2,"minecraft:clay_ball":12,"minecraft:brown_mushroom":1,"minecraft:wooden_pickaxe":2,"edible_zombie_flesh:cooked_flesh":1,"minecraft:enchanted_book":2,"minecraft:string":5,"minecraft:moss_carpet":5,"minecraft:spruce_planks":16,"minecraft:azalea":1,"minecraft:iron_nugget":2,"minecraft:sugar_cane":24,"minecraft:furnace":1,"minecraft:stick":4,"minecraft:raw_iron":87,"projectvibrantjourneys:bark_mushroom":2,"minecraft:torch":12,"minecraft:bowl":8,"minecraft:diorite":5,"minecraft:redstone":23,"minecraft:rotten_flesh":24,"minecraft:arrow":29,"jeg:healing_talisman":5,"minecraft:stone_sword":1,"k_turrets:raw_titanium":10,"minecraft:snowball":14,"minecraft:cobblestone":125,"minecraft:andesite":4,"minecraft:red_mushroom":1,"jeg:scrap":47,"minecraft:gunpowder":5,"minecraft:dirt":60,"skilltree:gem":31,"minecraft:lapis_lazuli":27,"projectvibrantjourneys:spruce_hollow_log":2,"jeg:grenade":1,"minecraft:bone":12,"minecraft:raw_gold":5,"minecraft:iron_ingot":12,"minecraft:stone_pickaxe":1,"minecraft:moss_block":8,"jeg:tech_trash":5,"minecraft:flowering_azalea":1,"epicsamurai:raw_silver":13,"projectvibrantjourneys:light_brown_bark_mushroom":2,"minecraft:gravel":7,"minecraft:sand":1,"minecraft:spruce_log":13,"alexsmobs:animal_dictionary":1,"minecraft:bundle":2,"minecraft:slime_ball":7,"minecraft:granite":2,"minecraft:bone_meal":3,"minecraft:spruce_button":1,"tombstone:magic_scroll":1,"epicsamurai:ruby":5,"minecraft:coal":127},"minecraft:mined":{"minecraft:tuff":21,"minecraft:spruce_planks":1,"projectvibrantjourneys:rocks":3,"minecraft:granite":1,"epicsamurai:deepslate_ruby_ore":5,"epicsamurai:silver_ore":8,"minecraft:grass_block":19,"minecraft:large_fern":1,"minecraft:furnace":1,"minecraft:iron_ore":27,"minecraft:andesite":4,"minecraft:deepslate_lapis_ore":4,"minecraft:deepslate_iron_ore":32,"epicsamurai:deepslate_silver_ore":5,"projectvibrantjourneys:seashells":1,"minecraft:stone":75,"minecraft:deepslate_redstone_ore":6,"minecraft:flowering_azalea":1,"minecraft:brown_mushroom":1,"jeg:scrap_ore":12,"minecraft:clay":2,"minecraft:crafting_table":1,"minecraft:torch":5,"projectvibrantjourneys:mossy_rocks":1,"minecraft:cobblestone":6,"minecraft:deepslate_gold_ore":5,"minecraft:sugar_cane":2,"minecraft:diorite":3,"minecraft:wall_torch":3,"jeg:deepslate_scrap_ore":8,"projectvibrantjourneys:light_brown_bark_mushroom":1,"projectvibrantjourneys:bones":1,"minecraft:spruce_log":10,"k_turrets:titanium_ore":3,"minecraft:grass":3,"projectvibrantjourneys:spruce_hollow_log":2,"minecraft:coal_ore":75,"projectvibrantjourneys:short_grass":2,"projectvibrantjourneys:pinecones":1,"minecraft:sand":1,"minecraft:dirt":46,"minecraft:deepslate":43,"minecraft:fern":2},"minecraft:dropped":{"minecraft:iron_ingot":12,"minecraft:moss_block":8,"minecraft:spruce_button":2,"minecraft:stick":2,"edible_zombie_flesh:cooked_flesh":1,"minecraft:diorite":2,"minecraft:torch":2,"skilltree:gem":3,"minecraft:snowball":8,"tombstone:grave_dust":1,"minecraft:bone_meal":1,"minecraft:flowering_azalea":1,"minecraft:string":3,"projectvibrantjourneys:bark_mushroom":1,"minecraft:gravel":7,"minecraft:moss_carpet":3,"minecraft:iron_nugget":3,"minecraft:stone_sword":2,"minecraft:bowl":8,"projectvibrantjourneys:light_brown_bark_mushroom":1,"minecraft:spruce_planks":3,"minecraft:andesite":1,"minecraft:azalea":1,"minecraft:arrow":13,"minecraft:wooden_pickaxe":1,"minecraft:stone_pickaxe":2},"minecraft:killed_by":{"minecraft:player":2,"minecraft:slime":1,"minecraft:skeleton":3,"minecraft:zombie":1,"epicsamurai:kitsune":1},"minecraft:custom":{"minecraft:mob_kills":41,"minecraft:interact_with_crafting_table":21,"minecraft:leave_game":4,"minecraft:time_since_death":55634,"minecraft:climb_one_cm":184,"minecraft:sprint_one_cm":142465,"minecraft:walk_one_cm":238225,"minecraft:drop":35,"minecraft:play_time":111762,"minecraft:deaths":9,"minecraft:sneak_time":2236,"minecraft:walk_under_water_one_cm":40608,"minecraft:jump":1148,"minecraft:walk_on_water_one_cm":25096,"minecraft:total_world_time":111762,"minecraft:interact_with_furnace":21,"minecraft:time_since_rest":54727,"minecraft:damage_taken":3534,"minecraft:damage_dealt":6680,"minecraft:swim_one_cm":7658,"minecraft:fly_one_cm":162098,"minecraft:player_kills":2,"minecraft:open_chest":13,"minecraft:crouch_one_cm":3931,"tombstone:undead_killed":26,"minecraft:fall_one_cm":19050},"minecraft:killed":{"minecraft:spider":4,"minecraft:slime":7,"minecraft:skeleton":9,"minecraft:drowned":4,"jeg:ghoul":4,"minecraft:salmon":1,"minecraft:creeper":2,"minecraft:zombie":9}},"DataVersion":3465}