{"stats":{"minecraft:used":{"jeg:revolver":56,"jeg:waterpipe_shotgun":12,"minecraft:enchanted_golden_apple":2},"minecraft:killed":{"minecraft:skeleton":1,"minecraft:zombie":3},"minecraft:dropped":{"jeg:waterpipe_shotgun":1},"minecraft:custom":{"minecraft:time_since_rest":19336,"minecraft:crouch_one_cm":223,"minecraft:sprint_one_cm":35092,"minecraft:play_time":19336,"tombstone:undead_killed":4,"minecraft:damage_taken":319,"minecraft:walk_one_cm":41659,"minecraft:sneak_time":65,"minecraft:walk_under_water_one_cm":1375,"minecraft:mob_kills":5,"minecraft:drop":1,"minecraft:jump":103,"minecraft:leave_game":1,"minecraft:time_since_death":19336,"minecraft:walk_on_water_one_cm":2812,"minecraft:total_world_time":19336,"minecraft:damage_resisted":46,"minecraft:swim_one_cm":1453,"minecraft:fall_one_cm":3195,"minecraft:fly_one_cm":28264},"minecraft:picked_up":{"minecraft:bone":1,"minecraft:arrow":4,"minecraft:rotten_flesh":1,"jeg:waterpipe_shotgun":1}},"DataVersion":3465}