{"stats":{"minecraft:custom":{"minecraft:time_since_rest":2250,"minecraft:sprint_one_cm":5484,"minecraft:damage_absorbed":45,"minecraft:damage_taken":565,"minecraft:walk_one_cm":37215,"minecraft:mob_kills":7,"minecraft:drop":4,"minecraft:damage_dealt":1628,"minecraft:fly_one_cm":6755,"minecraft:interact_with_crafting_table":6,"minecraft:open_chest":6,"minecraft:crouch_one_cm":601,"minecraft:play_time":14195,"tombstone:undead_killed":3,"minecraft:deaths":2,"minecraft:sneak_time":511,"minecraft:jump":83,"minecraft:leave_game":2,"minecraft:time_since_death":2525,"minecraft:total_world_time":14195,"minecraft:fall_one_cm":478},"minecraft:crafted":{"minecraft:crafting_table":1,"minecraft:spruce_planks":28,"minecraft:stick":8,"minecraft:wooden_pickaxe":1,"minecraft:stone_pickaxe":1,"minecraft:stone_sword":1,"minecraft:spruce_door":3,"minecraft:stone_axe":1},"minecraft:dropped":{"minecraft:spider_eye":3,"minecraft:spruce_planks":1,"minecraft:red_banner":3,"epicsamurai:polished_spirit_stone":1},"minecraft:mined":{"minecraft:chain":1,"minecraft:spruce_planks":1,"minecraft:mangrove_stairs":2,"minecraft:glowstone":1,"minecraft:stripped_mangrove_log":2,"minecraft:spruce_log":9,"minecraft:white_carpet":3,"projectvibrantjourneys:bark_mushroom":1,"minecraft:crafting_table":1,"minecraft:red_wall_banner":1,"minecraft:grass_block":12,"minecraft:lantern":1,"minecraft:deepslate_brick_stairs":1,"minecraft:dirt":4,"minecraft:cobweb":1,"minecraft:deepslate_bricks":1,"minecraft:spruce_leaves":10,"minecraft:stone":12,"minecraft:oak_planks":2},"minecraft:killed_by":{"minecraft:creeper":1,"minecraft:enderman":1},"minecraft:used":{"minecraft:stone_sword":36,"minecraft:spruce_door":1,"minecraft:lantern":1,"minecraft:stone_pickaxe":9,"minecraft:spruce_planks":13,"minecraft:wooden_pickaxe":12,"minecraft:stone_bricks":1,"minecraft:stripped_mangrove_log":1,"minecraft:stone_axe":6,"minecraft:dirt":20,"minecraft:cobblestone":2,"minecraft:crafting_table":2,"minecraft:spruce_log":1},"minecraft:killed":{"minecraft:zombie":3,"minecraft:spider":4},"minecraft:picked_up":{"minecraft:stick":2,"minecraft:crafting_table":1,"projectvibrantjourneys:bark_mushroom":1,"minecraft:stripped_spruce_log":2,"minecraft:red_banner":3,"epicsamurai:polished_spirit_stone":1,"minecraft:spruce_log":8,"minecraft:stripped_mangrove_log":1,"minecraft:string":2,"minecraft:spider_eye":2,"minecraft:dirt":26,"minecraft:lantern":1,"minecraft:mangrove_fence":3,"minecraft:white_carpet":5,"minecraft:mangrove_stairs":4,"minecraft:stone_bricks":1,"minecraft:spruce_planks":1,"minecraft:stripped_oak_wood":1,"epicsamurai:komainu_statue":2,"minecraft:oak_planks":2,"minecraft:snowball":15,"minecraft:cobblestone":12,"minecraft:ender_pearl":1}},"DataVersion":3465}