{"stats":{"minecraft:mined":{"minecraft:spruce_planks":1,"minecraft:flowering_azalea":1,"minecraft:brown_mushroom":1,"jeg:scrap_ore":12,"projectvibrantjourneys:rocks":2,"minecraft:torch":3,"minecraft:granite":1,"epicsamurai:silver_ore":8,"minecraft:grass_block":19,"projectvibrantjourneys:mossy_rocks":1,"minecraft:cobblestone":3,"minecraft:diorite":3,"minecraft:sugar_cane":2,"minecraft:wall_torch":2,"minecraft:large_fern":1,"projectvibrantjourneys:light_brown_bark_mushroom":1,"minecraft:iron_ore":18,"minecraft:spruce_log":10,"projectvibrantjourneys:bones":1,"minecraft:andesite":4,"minecraft:grass":2,"k_turrets:titanium_ore":3,"projectvibrantjourneys:spruce_hollow_log":2,"projectvibrantjourneys:short_grass":2,"minecraft:coal_ore":75,"minecraft:sand":1,"projectvibrantjourneys:pinecones":1,"minecraft:dirt":46,"projectvibrantjourneys:seashells":1,"minecraft:stone":75,"minecraft:fern":2},"minecraft:killed_by":{"minecraft:player":2,"minecraft:skeleton":3,"minecraft:zombie":1,"minecraft:slime":1,"epicsamurai:kitsune":1},"minecraft:custom":{"minecraft:interact_with_furnace":20,"minecraft:mob_kills":36,"minecraft:interact_with_crafting_table":21,"minecraft:leave_game":3,"minecraft:time_since_death":40633,"minecraft:time_since_rest":39726,"minecraft:sprint_one_cm":130694,"minecraft:damage_taken":3002,"minecraft:walk_one_cm":174655,"minecraft:drop":24,"minecraft:damage_dealt":5646,"minecraft:play_time":96761,"minecraft:crouch_one_cm":2735,"minecraft:sneak_time":1720,"minecraft:player_kills":2,"tombstone:undead_killed":22,"minecraft:swim_one_cm":7658,"minecraft:fly_one_cm":153822,"minecraft:open_chest":13,"minecraft:deaths":9,"minecraft:walk_under_water_one_cm":40608,"minecraft:jump":1035,"minecraft:walk_on_water_one_cm":23871,"minecraft:total_world_time":96761,"minecraft:fall_one_cm":17469},"minecraft:dropped":{"minecraft:iron_ingot":12,"minecraft:moss_carpet":3,"minecraft:moss_block":8,"minecraft:iron_nugget":2,"minecraft:stone_sword":1,"minecraft:bowl":8,"minecraft:spruce_button":2,"minecraft:stick":2,"projectvibrantjourneys:light_brown_bark_mushroom":1,"minecraft:torch":2,"minecraft:spruce_planks":3,"minecraft:azalea":1,"minecraft:snowball":8,"tombstone:grave_dust":1,"minecraft:bone_meal":1,"minecraft:flowering_azalea":1,"minecraft:arrow":13,"minecraft:stone_pickaxe":1,"projectvibrantjourneys:bark_mushroom":1},"minecraft:broken":{"minecraft:stone_pickaxe":1},"minecraft:crafted":{"epicsamurai:silver_ingot":7,"minecraft:iron_nugget":9,"minecraft:crafting_table":3,"minecraft:spruce_planks":56,"minecraft:spruce_button":1,"skilltree:iron_ring":2,"minecraft:bowl":4,"minecraft:furnace":3,"minecraft:mushroom_stew":1,"edible_zombie_flesh:cooked_flesh":13,"minecraft:stone_axe":1,"minecraft:air":0,"minecraft:iron_chestplate":1,"minecraft:stick":24,"minecraft:iron_ingot":15,"minecraft:iron_pickaxe":1,"minecraft:stone_pickaxe":2,"minecraft:stone_sword":1,"minecraft:chest":2,"minecraft:torch":68},"minecraft:killed":{"jeg:ghoul":4,"minecraft:salmon":1,"minecraft:spider":4,"minecraft:slime":7,"minecraft:creeper":1,"minecraft:skeleton":7,"minecraft:zombie":7,"minecraft:drowned":4},"minecraft:used":{"minecraft:diorite":1,"minecraft:moss_carpet":2,"minecraft:stone_sword":127,"minecraft:stone_pickaxe":200,"minecraft:chest":2,"minecraft:spruce_planks":6,"minecraft:rotten_flesh":10,"minecraft:iron_chestplate":1,"minecraft:torch":66,"minecraft:dirt":51,"minecraft:sand":1,"minecraft:crafting_table":4,"minecraft:mushroom_stew":1,"minecraft:granite":2,"minecraft:snowball":1,"minecraft:iron_pickaxe":14,"minecraft:stone_axe":11,"minecraft:cobblestone":6,"edible_zombie_flesh:cooked_flesh":1,"minecraft:furnace":3,"tombstone:gift":3,"alexsmobs:animal_dictionary":1},"minecraft:picked_up":{"minecraft:crafting_table":1,"minecraft:clay_ball":3,"minecraft:andesite":4,"minecraft:brown_mushroom":1,"minecraft:wooden_pickaxe":2,"minecraft:red_mushroom":1,"minecraft:enchanted_book":2,"jeg:scrap":30,"minecraft:gunpowder":4,"skilltree:gem":24,"minecraft:dirt":60,"projectvibrantjourneys:spruce_hollow_log":2,"minecraft:string":5,"minecraft:moss_carpet":5,"minecraft:bone":10,"minecraft:spruce_planks":16,"minecraft:iron_ingot":12,"minecraft:stone_pickaxe":1,"minecraft:azalea":1,"minecraft:iron_nugget":2,"epicsamurai:raw_silver":8,"minecraft:moss_block":8,"minecraft:sugar_cane":24,"minecraft:flowering_azalea":1,"jeg:tech_trash":4,"projectvibrantjourneys:light_brown_bark_mushroom":2,"minecraft:stick":4,"minecraft:raw_iron":47,"projectvibrantjourneys:bark_mushroom":2,"minecraft:torch":9,"minecraft:bowl":8,"minecraft:gravel":7,"minecraft:sand":1,"minecraft:diorite":3,"minecraft:spruce_log":13,"alexsmobs:animal_dictionary":1,"minecraft:bundle":2,"minecraft:stone_sword":1,"jeg:healing_talisman":5,"minecraft:arrow":27,"minecraft:rotten_flesh":21,"minecraft:slime_ball":7,"k_turrets:raw_titanium":10,"minecraft:granite":2,"minecraft:bone_meal":3,"minecraft:spruce_button":1,"tombstone:magic_scroll":1,"minecraft:coal":107,"minecraft:snowball":14,"minecraft:cobblestone":122}},"DataVersion":3465}