{"stats":{"minecraft:killed":{"minecraft:witch":4,"minecraft:spider":10,"minecraft:skeleton":23,"minecraft:chicken":1,"alexsmobs:centipede_head":1,"jeg:ghoul":8,"minecraft:salmon":1,"epicsamurai:kitsune":2,"minecraft:creeper":14,"minecraft:pillager":2,"minecraft:zombie":44,"minecraft:cow":1,"minecraft:evoker":2,"minecraft:vex":6,"minecraft:vindicator":3,"minecraft:slime":7,"minecraft:drowned":4,"alexsmobs:moose":4,"minecraft:enderman":1},"minecraft:custom":{"minecraft:interact_with_crafting_table":74,"minecraft:open_barrel":33,"minecraft:leave_game":7,"minecraft:time_since_death":308828,"minecraft:sprint_one_cm":449324,"minecraft:damage_blocked_by_shield":105,"minecraft:drop":88,"minecraft:play_time":364956,"minecraft:deaths":9,"minecraft:jump":2653,"minecraft:walk_on_water_one_cm":28776,"minecraft:interact_with_furnace":93,"minecraft:interact_with_loom":4,"minecraft:sleep_in_bed":2,"minecraft:damage_dealt":30129,"minecraft:player_kills":4,"minecraft:crouch_one_cm":9641,"tombstone:undead_killed":79,"minecraft:interact_with_smithing_table":2,"minecraft:mob_kills":140,"minecraft:interact_with_anvil":3,"minecraft:climb_one_cm":3862,"minecraft:walk_one_cm":925545,"minecraft:sneak_time":4546,"minecraft:walk_under_water_one_cm":42154,"minecraft:interact_with_blast_furnace":35,"minecraft:total_world_time":364956,"tombstone:raider_killed":11,"minecraft:time_since_rest":79570,"minecraft:damage_taken":7482,"minecraft:damage_absorbed":64,"minecraft:trigger_trapped_chest":5,"minecraft:swim_one_cm":7658,"minecraft:fly_one_cm":324666,"minecraft:open_chest":227,"minecraft:fall_one_cm":44707},"minecraft:crafted":{"minecraft:smooth_stone":15,"minecraft:oak_planks":8,"epicsamurai:silver_ingot":32,"minecraft:stone":15,"k_turrets:titanium_ingot":19,"minecraft:spruce_pressure_plate":2,"epicsamurai:red_samurai_chestplate":1,"minecraft:bow":1,"minecraft:chest":9,"minecraft:iron_door":3,"minecraft:crafting_table":7,"minecraft:spruce_planks":216,"skilltree:iron_ring":2,"minecraft:smithing_table":1,"minecraft:copper_ingot":34,"epicsamurai:white_samurai_boots_light":1,"edible_zombie_flesh:cooked_flesh":43,"minecraft:dispenser":1,"minecraft:iron_chestplate":1,"minecraft:stick":68,"minecraft:iron_ingot":130,"minecraft:iron_pickaxe":6,"minecraft:stone_sword":1,"minecraft:gold_ingot":23,"epicsamurai:white_samurai_leggings_light":1,"minecraft:iron_nugget":54,"minecraft:spruce_button":5,"magistuarmory:wood_heatershield":1,"minecraft:furnace":6,"minecraft:blast_furnace":1,"minecraft:mushroom_stew":1,"jeg:scrap_workbench":1,"minecraft:iron_axe":3,"minecraft:stone_pickaxe":2,"minecraft:cooked_beef":4,"jeg:repair_kit":1,"magistuarmory:silver_heatershield":1,"alexsmobs:cooked_moose_ribs":7,"minecraft:bowl":4,"minecraft:stone_axe":1,"epicsamurai:white_samurai_helmet_light":1,"minecraft:air":0,"jeg:scrap_block":1,"epicsamurai:white_samurai_boots":1,"epicsamurai:red_samurai_helmet_light":1,"minecraft:gold_nugget":108,"minecraft:raw_gold":9,"minecraft:iron_leggings":1,"epicsamurai:steel_ingot":26,"minecraft:torch":128,"epicsamurai:white_samurai_leggings":1,"k_turrets:bullet_turret_item":1},"minecraft:dropped":{"minecraft:moss_block":8,"minecraft:crafting_table":1,"minecraft:red_carpet":1,"minecraft:snowball":8,"minecraft:bone_meal":1,"minecraft:iron_pickaxe":2,"projectvibrantjourneys:bark_mushroom":2,"minecraft:bone":22,"minecraft:gravel":10,"minecraft:iron_nugget":3,"minecraft:oak_planks":4,"projectvibrantjourneys:light_brown_bark_mushroom":1,"minecraft:melon_seeds":3,"minecraft:beetroot_seeds":3,"minecraft:azalea":1,"minecraft:arrow":13,"farmersdelight:tomato_seeds":4,"minecraft:iron_ingot":25,"minecraft:bread":2,"minecraft:cobblestone":22,"minecraft:granite":4,"minecraft:spruce_button":2,"minecraft:stick":4,"edible_zombie_flesh:cooked_flesh":10,"minecraft:diorite":16,"minecraft:torch":23,"skilltree:gem":8,"minecraft:iron_door":1,"tombstone:grave_dust":1,"minecraft:flowering_azalea":1,"minecraft:smooth_stone":12,"minecraft:string":3,"minecraft:moss_carpet":3,"minecraft:stone_sword":2,"minecraft:bowl":8,"farmersdelight:cabbage_seeds":21,"minecraft:white_carpet":2,"minecraft:pumpkin_seeds":4,"minecraft:spruce_planks":6,"minecraft:andesite":2,"artifacts:onion_ring":2,"minecraft:stone_pickaxe":2,"minecraft:wooden_pickaxe":1},"minecraft:mined":{"minecraft:spruce_planks":12,"minecraft:cobblestone_stairs":1,"minecraft:cave_vines_plant":2,"minecraft:granite":7,"minecraft:grass_block":24,"epicsamurai:silver_ore":27,"minecraft:iron_ore":77,"minecraft:barrel":1,"minecraft:deepslate_lapis_ore":4,"minecraft:anvil":1,"minecraft:cave_vines":4,"minecraft:iron_bars":4,"epicsamurai:deepslate_silver_ore":5,"minecraft:deepslate_redstone_ore":8,"minecraft:brown_mushroom":1,"minecraft:clay":2,"minecraft:torch":17,"minecraft:blast_furnace":1,"minecraft:chest":4,"minecraft:cobblestone":55,"minecraft:sugar_cane":3,"minecraft:wall_torch":11,"minecraft:deepslate_copper_ore":9,"minecraft:skeleton_skull":1,"projectvibrantjourneys:light_brown_bark_mushroom":1,"projectvibrantjourneys:bones":1,"minecraft:jukebox":1,"minecraft:waxed_copper_block":2,"minecraft:tnt":5,"minecraft:grass":4,"minecraft:oak_log":1,"projectvibrantjourneys:short_grass":4,"minecraft:waxed_oxidized_copper":3,"ecologics:flowering_azalea_log":1,"projectvibrantjourneys:pinecones":2,"minecraft:sand":1,"minecraft:dirt":70,"minecraft:deepslate":271,"minecraft:tuff":31,"minecraft:red_carpet":3,"minecraft:mossy_cobblestone":3,"minecraft:deepslate_diamond_ore":2,"projectvibrantjourneys:rocks":3,"minecraft:ladder":8,"epicsamurai:deepslate_ruby_ore":5,"minecraft:spruce_leaves":8,"minecraft:moss_block":1,"minecraft:waxed_weathered_copper":2,"minecraft:large_fern":2,"epicsamurai:onyx_ore":6,"minecraft:furnace":3,"minecraft:raw_gold_block":2,"projectvibrantjourneys:orange_bark_mushroom":1,"minecraft:andesite":43,"minecraft:gold_block":1,"minecraft:deepslate_iron_ore":34,"minecraft:stripped_oak_log":2,"projectvibrantjourneys:ice_chunks":1,"projectvibrantjourneys:seashells":1,"minecraft:stone":454,"minecraft:flowering_azalea":2,"jeg:scrap_ore":39,"minecraft:crafting_table":3,"minecraft:spruce_button":2,"projectvibrantjourneys:mossy_rocks":1,"minecraft:tall_grass":2,"minecraft:copper_ore":11,"minecraft:lapis_ore":13,"minecraft:deepslate_gold_ore":5,"minecraft:diorite":86,"jeg:deepslate_scrap_ore":8,"minecraft:coarse_dirt":1,"minecraft:spruce_log":54,"minecraft:white_carpet":2,"k_turrets:titanium_ore":16,"projectvibrantjourneys:spruce_hollow_log":2,"minecraft:coal_ore":124,"minecraft:zombie_head":1,"minecraft:gravel":5,"minecraft:cracked_stone_bricks":1,"minecraft:fern":2,"epicsamurai:ruby_ore":5},"minecraft:picked_up":{"minecraft:anvil":1,"epicsamurai:steel_ingot":4,"edible_zombie_flesh:cooked_flesh":5,"minecraft:enchanted_book":3,"minecraft:music_disc_cat":1,"minecraft:string":42,"minecraft:raw_copper":88,"minecraft:zombie_head":1,"jeg:revolver":1,"minecraft:cobbled_deepslate":113,"minecraft:waxed_weathered_copper":2,"bosses_of_mass_destruction:soul_star":2,"minecraft:spruce_planks":29,"minecraft:azalea":2,"minecraft:iron_pickaxe":3,"minecraft:enchanted_golden_apple":1,"minecraft:iron_boots":1,"minecraft:furnace":3,"tombstone:scroll_of_lightning_resistance":1,"minecraft:stick":11,"minecraft:jukebox":1,"jeg:pistol_ammo":25,"minecraft:torch":59,"tombstone:grave_dust":6,"minecraft:diorite":172,"minecraft:stone_sword":1,"minecraft:rotten_flesh":49,"farmersdelight:rope":16,"minecraft:bookshelf":3,"minecraft:iron_bars":6,"minecraft:snowball":51,"minecraft:cobblestone":950,"minecraft:andesite":46,"minecraft:copper_block":12,"jeg:scrap":99,"skilltree:gem":71,"minecraft:lapis_lazuli":156,"minecraft:dirt":99,"minecraft:bone":45,"minecraft:wheat_seeds":9,"minecraft:raw_gold":10,"minecraft:mossy_stone_bricks":1,"minecraft:moss_block":12,"minecraft:oak_planks":4,"epicsamurai:raw_silver":32,"minecraft:music_disc_13":1,"minecraft:sand":1,"alexsmobs:animal_dictionary":1,"minecraft:mossy_cobblestone":4,"minecraft:bundle":5,"minecraft:yellow_carpet":1,"minecraft:diamond":2,"minecraft:lever":2,"minecraft:crossbow":1,"minecraft:granite":10,"minecraft:bone_meal":3,"minecraft:spruce_button":5,"alexsmobs:moose_ribs":7,"minecraft:bread":2,"minecraft:emerald":6,"epicsamurai:ruby":10,"minecraft:crafting_table":2,"minecraft:chicken":2,"minecraft:clay_ball":12,"minecraft:brown_mushroom":1,"minecraft:wooden_pickaxe":2,"minecraft:gold_block":1,"minecraft:diamond_horse_armor":1,"tombstone:scroll_of_preservation":1,"minecraft:moss_carpet":7,"minecraft:iron_axe":1,"minecraft:white_carpet":2,"minecraft:beef":4,"minecraft:iron_nugget":2,"minecraft:sugar_cane":35,"minecraft:chest":4,"minecraft:waxed_oxidized_copper":6,"minecraft:raw_iron":139,"minecraft:raw_gold_block":3,"projectvibrantjourneys:bark_mushroom":4,"minecraft:bowl":8,"minecraft:spruce_fence":1,"minecraft:redstone":46,"minecraft:tnt":4,"jeg:healing_talisman":18,"minecraft:arrow":49,"minecraft:beetroot_seeds":3,"k_turrets:raw_titanium":30,"minecraft:saddle":1,"minecraft:totem_of_undying":1,"minecraft:skeleton_skull":2,"epicsamurai:kitsune_tail":2,"minecraft:oxeye_daisy":1,"epicsamurai:kitsune_hide":2,"minecraft:stripped_oak_log":2,"travelersbackpack:melon":1,"minecraft:leather":1,"minecraft:red_mushroom":1,"artifacts:onion_ring":2,"minecraft:oak_log":1,"minecraft:waxed_copper_block":2,"magistuarmory:chainmail_horse_armor":1,"minecraft:gunpowder":12,"minecraft:cobblestone_stairs":2,"projectvibrantjourneys:spruce_hollow_log":2,"minecraft:paper":16,"jeg:grenade":17,"minecraft:red_carpet":1,"minecraft:iron_ingot":46,"minecraft:stone_pickaxe":1,"tombstone:bag_of_seeds":2,"epicsamurai:silver_ingot":6,"jeg:tech_trash":13,"minecraft:flowering_azalea":1,"projectvibrantjourneys:light_brown_bark_mushroom":2,"epicsamurai:onyx":12,"minecraft:sweet_berries":10,"minecraft:torchflower_seeds":5,"minecraft:gravel":17,"minecraft:spruce_sapling":1,"minecraft:blast_furnace":1,"minecraft:spruce_log":53,"minecraft:spider_eye":10,"minecraft:diamond_shovel":1,"minecraft:slime_ball":7,"jeg:ectoplasm":12,"tombstone:magic_scroll":4,"projectvibrantjourneys:orange_bark_mushroom":2,"minecraft:coal":184},"minecraft:used":{"minecraft:moss_carpet":2,"minecraft:chest":13,"minecraft:rotten_flesh":10,"minecraft:iron_chestplate":1,"minecraft:spruce_leaves":1,"minecraft:snowball":1,"jeg:grenade":2,"minecraft:furnace":7,"jeg:revolver":5,"k_turrets:bullet_turret_item":1,"minecraft:diorite":6,"minecraft:stone_pickaxe":211,"travelersbackpack:melon":3,"minecraft:sand":1,"minecraft:mushroom_stew":1,"minecraft:blast_furnace":2,"minecraft:bread":3,"minecraft:iron_door":2,"alexsmobs:cooked_moose_ribs":7,"minecraft:smithing_table":1,"minecraft:andesite":9,"tombstone:scroll_of_lightning_resistance":1,"minecraft:iron_bars":2,"minecraft:stone_sword":127,"magistuarmory:silver_heatershield":4,"minecraft:spruce_planks":6,"minecraft:torch":158,"minecraft:dirt":80,"minecraft:anvil":1,"projectvibrantjourneys:bark_mushroom":1,"minecraft:granite":2,"minecraft:iron_axe":297,"minecraft:spruce_button":4,"minecraft:totem_of_undying":1,"tombstone:gift":4,"minecraft:cooked_beef":3,"minecraft:iron_leggings":1,"minecraft:bundle":1,"minecraft:crafting_table":8,"minecraft:oak_log":1,"tombstone:bag_of_seeds":2,"minecraft:diamond_shovel":25,"minecraft:iron_pickaxe":1201,"minecraft:spruce_pressure_plate":2,"jeg:scrap_workbench":1,"minecraft:stone_axe":63,"minecraft:cobblestone":111,"edible_zombie_flesh:cooked_flesh":25,"minecraft:cooked_porkchop":5,"alexsmobs:animal_dictionary":1},"minecraft:killed_by":{"minecraft:zombie":1,"minecraft:player":2,"minecraft:slime":1,"minecraft:skeleton":3,"epicsamurai:kitsune":1},"minecraft:broken":{"minecraft:stone_pickaxe":1,"minecraft:iron_axe":1,"minecraft:iron_pickaxe":3}},"DataVersion":3465}