{"stats":{"minecraft:crafted":{"minecraft:smooth_stone":15,"epicsamurai:silver_ingot":21,"minecraft:iron_nugget":9,"minecraft:spruce_button":5,"magistuarmory:wood_heatershield":1,"minecraft:furnace":4,"minecraft:blast_furnace":1,"minecraft:stone":15,"minecraft:mushroom_stew":1,"minecraft:spruce_pressure_plate":2,"epicsamurai:red_samurai_chestplate":1,"minecraft:iron_axe":1,"minecraft:stone_pickaxe":2,"minecraft:chest":6,"minecraft:iron_door":3,"magistuarmory:silver_heatershield":1,"minecraft:crafting_table":4,"minecraft:spruce_planks":108,"skilltree:iron_ring":2,"minecraft:bowl":4,"edible_zombie_flesh:cooked_flesh":13,"minecraft:stone_axe":1,"epicsamurai:white_samurai_helmet_light":1,"minecraft:air":0,"epicsamurai:white_samurai_boots":1,"minecraft:iron_chestplate":1,"minecraft:stick":36,"minecraft:iron_ingot":60,"minecraft:iron_pickaxe":3,"minecraft:iron_leggings":1,"minecraft:stone_sword":1,"minecraft:gold_ingot":5,"epicsamurai:steel_ingot":16,"minecraft:torch":92,"epicsamurai:white_samurai_leggings":1},"minecraft:custom":{"minecraft:mob_kills":66,"minecraft:interact_with_crafting_table":49,"minecraft:open_barrel":21,"minecraft:leave_game":5,"minecraft:time_since_death":136630,"minecraft:climb_one_cm":278,"minecraft:sprint_one_cm":194108,"minecraft:walk_one_cm":493321,"minecraft:damage_blocked_by_shield":105,"minecraft:drop":59,"minecraft:play_time":192758,"minecraft:sneak_time":3391,"minecraft:deaths":9,"minecraft:walk_under_water_one_cm":40608,"minecraft:jump":1547,"minecraft:interact_with_blast_furnace":9,"minecraft:walk_on_water_one_cm":25346,"minecraft:total_world_time":192758,"minecraft:interact_with_furnace":49,"minecraft:interact_with_loom":2,"minecraft:sleep_in_bed":1,"minecraft:time_since_rest":64394,"minecraft:damage_taken":4114,"minecraft:damage_absorbed":48,"minecraft:trigger_trapped_chest":1,"minecraft:damage_dealt":11833,"minecraft:swim_one_cm":7658,"minecraft:fly_one_cm":177265,"minecraft:player_kills":4,"minecraft:open_chest":44,"minecraft:crouch_one_cm":6936,"tombstone:undead_killed":42,"minecraft:fall_one_cm":22376},"minecraft:used":{"minecraft:moss_carpet":2,"minecraft:stone_sword":127,"magistuarmory:silver_heatershield":4,"minecraft:chest":6,"minecraft:spruce_planks":6,"minecraft:rotten_flesh":10,"minecraft:iron_chestplate":1,"minecraft:torch":96,"minecraft:dirt":51,"projectvibrantjourneys:bark_mushroom":1,"minecraft:granite":2,"minecraft:snowball":1,"minecraft:iron_axe":46,"minecraft:spruce_button":4,"minecraft:furnace":4,"tombstone:gift":3,"minecraft:iron_leggings":1,"minecraft:diorite":6,"minecraft:stone_pickaxe":211,"minecraft:sand":1,"minecraft:crafting_table":5,"minecraft:mushroom_stew":1,"minecraft:blast_furnace":1,"minecraft:oak_log":1,"minecraft:iron_pickaxe":671,"minecraft:spruce_pressure_plate":2,"minecraft:iron_door":2,"minecraft:stone_axe":63,"minecraft:cobblestone":53,"edible_zombie_flesh:cooked_flesh":11,"minecraft:andesite":9,"alexsmobs:animal_dictionary":1},"minecraft:broken":{"minecraft:stone_pickaxe":1,"minecraft:iron_pickaxe":1},"minecraft:mined":{"minecraft:tuff":25,"minecraft:spruce_planks":1,"projectvibrantjourneys:rocks":3,"minecraft:cave_vines_plant":2,"minecraft:granite":4,"epicsamurai:deepslate_ruby_ore":5,"epicsamurai:silver_ore":24,"minecraft:grass_block":19,"minecraft:spruce_leaves":4,"minecraft:moss_block":1,"minecraft:large_fern":2,"epicsamurai:onyx_ore":6,"minecraft:furnace":3,"minecraft:barrel":1,"minecraft:iron_ore":77,"minecraft:andesite":26,"minecraft:deepslate_lapis_ore":4,"minecraft:cave_vines":4,"minecraft:deepslate_iron_ore":34,"epicsamurai:deepslate_silver_ore":5,"minecraft:stripped_oak_log":2,"projectvibrantjourneys:seashells":1,"minecraft:stone":297,"minecraft:deepslate_redstone_ore":8,"minecraft:flowering_azalea":2,"minecraft:brown_mushroom":1,"jeg:scrap_ore":39,"minecraft:clay":2,"minecraft:crafting_table":1,"minecraft:torch":9,"minecraft:spruce_button":2,"projectvibrantjourneys:mossy_rocks":1,"minecraft:tall_grass":2,"minecraft:copper_ore":11,"minecraft:cobblestone":12,"minecraft:lapis_ore":13,"minecraft:deepslate_gold_ore":5,"minecraft:sugar_cane":2,"minecraft:diorite":25,"minecraft:wall_torch":8,"minecraft:deepslate_copper_ore":9,"jeg:deepslate_scrap_ore":8,"projectvibrantjourneys:light_brown_bark_mushroom":1,"projectvibrantjourneys:bones":1,"minecraft:spruce_log":30,"minecraft:tnt":1,"k_turrets:titanium_ore":10,"minecraft:grass":3,"minecraft:oak_log":1,"projectvibrantjourneys:spruce_hollow_log":2,"minecraft:coal_ore":88,"projectvibrantjourneys:short_grass":2,"projectvibrantjourneys:pinecones":1,"minecraft:sand":1,"minecraft:dirt":46,"epicsamurai:ruby_ore":5,"minecraft:deepslate":110,"minecraft:fern":2},"minecraft:picked_up":{"minecraft:crafting_table":2,"minecraft:clay_ball":12,"minecraft:brown_mushroom":1,"minecraft:wooden_pickaxe":2,"edible_zombie_flesh:cooked_flesh":5,"minecraft:enchanted_book":2,"minecraft:iron_axe":1,"minecraft:string":10,"minecraft:raw_copper":68,"minecraft:moss_carpet":5,"minecraft:cobbled_deepslate":1,"minecraft:spruce_planks":16,"minecraft:azalea":1,"minecraft:iron_nugget":2,"minecraft:iron_pickaxe":1,"minecraft:sugar_cane":32,"minecraft:furnace":3,"minecraft:stick":6,"minecraft:raw_iron":139,"projectvibrantjourneys:bark_mushroom":4,"minecraft:torch":24,"minecraft:bowl":8,"tombstone:grave_dust":5,"minecraft:diorite":50,"minecraft:redstone":32,"minecraft:rotten_flesh":30,"minecraft:arrow":33,"jeg:healing_talisman":5,"minecraft:stone_sword":1,"k_turrets:raw_titanium":17,"minecraft:snowball":14,"minecraft:cobblestone":363,"minecraft:stripped_oak_log":2,"minecraft:andesite":21,"minecraft:red_mushroom":1,"minecraft:oak_log":1,"jeg:scrap":99,"minecraft:gunpowder":11,"projectvibrantjourneys:spruce_hollow_log":2,"minecraft:lapis_lazuli":106,"skilltree:gem":54,"minecraft:dirt":60,"jeg:grenade":7,"minecraft:bone":28,"minecraft:raw_gold":5,"minecraft:iron_ingot":13,"minecraft:stone_pickaxe":1,"minecraft:moss_block":8,"jeg:tech_trash":9,"epicsamurai:raw_silver":29,"minecraft:flowering_azalea":1,"epicsamurai:onyx":6,"projectvibrantjourneys:light_brown_bark_mushroom":2,"minecraft:gravel":10,"minecraft:sand":1,"minecraft:spruce_log":32,"minecraft:spider_eye":1,"alexsmobs:animal_dictionary":1,"minecraft:bundle":3,"minecraft:slime_ball":7,"minecraft:granite":6,"minecraft:bone_meal":3,"minecraft:spruce_button":5,"tombstone:magic_scroll":1,"epicsamurai:ruby":10,"minecraft:coal":140},"minecraft:killed":{"minecraft:spider":8,"minecraft:slime":7,"minecraft:skeleton":17,"minecraft:drowned":4,"jeg:ghoul":4,"minecraft:salmon":1,"minecraft:creeper":6,"minecraft:zombie":17,"minecraft:enderman":1},"minecraft:killed_by":{"minecraft:player":2,"minecraft:slime":1,"minecraft:skeleton":3,"minecraft:zombie":1,"epicsamurai:kitsune":1},"minecraft:dropped":{"minecraft:iron_ingot":12,"minecraft:moss_block":8,"minecraft:crafting_table":1,"minecraft:cobblestone":20,"minecraft:granite":4,"minecraft:spruce_button":2,"minecraft:stick":4,"edible_zombie_flesh:cooked_flesh":5,"minecraft:diorite":16,"minecraft:torch":2,"skilltree:gem":8,"minecraft:iron_door":1,"minecraft:snowball":8,"tombstone:grave_dust":1,"minecraft:bone_meal":1,"minecraft:flowering_azalea":1,"minecraft:iron_pickaxe":1,"minecraft:smooth_stone":12,"minecraft:string":3,"projectvibrantjourneys:bark_mushroom":2,"minecraft:bone":12,"minecraft:gravel":10,"minecraft:moss_carpet":3,"minecraft:iron_nugget":3,"minecraft:stone_sword":2,"minecraft:bowl":8,"projectvibrantjourneys:light_brown_bark_mushroom":1,"minecraft:spruce_planks":6,"minecraft:andesite":2,"minecraft:azalea":1,"minecraft:arrow":13,"minecraft:wooden_pickaxe":1,"minecraft:stone_pickaxe":2}},"DataVersion":3465}