{"stats":{"minecraft:mined":{"minecraft:grass":4},"minecraft:custom":{"minecraft:time_since_rest":24993,"minecraft:sprint_one_cm":155098,"minecraft:damage_taken":1502,"minecraft:walk_one_cm":110126,"minecraft:damage_absorbed":345,"minecraft:mob_kills":58,"minecraft:drop":12,"minecraft:damage_dealt":6693,"minecraft:swim_one_cm":1453,"minecraft:fly_one_cm":84480,"minecraft:crouch_one_cm":300,"minecraft:play_time":49452,"minecraft:deaths":1,"tombstone:undead_killed":34,"minecraft:sneak_time":121,"minecraft:walk_under_water_one_cm":1375,"tombstone:villager_killed":1,"minecraft:jump":325,"minecraft:leave_game":2,"minecraft:walk_on_water_one_cm":2812,"minecraft:time_since_death":25836,"minecraft:total_world_time":49452,"minecraft:damage_resisted":46,"minecraft:fall_one_cm":4929},"minecraft:crafted":{"tombstone:grave_key":1},"minecraft:killed":{"minecraft:sheep":2,"minecraft:skeleton":12,"minecraft:trader_llama":2,"minecraft:zombie":22,"ecologics:coconut_crab":3,"minecraft:spider":7,"minecraft:bat":2,"minecraft:wandering_trader":1,"minecraft:creeper":2},"minecraft:dropped":{"jeg:waterpipe_shotgun":1,"minecraft:golden_apple":11},"minecraft:picked_up":{"minecraft:stick":1,"ecologics:coconut_slice":8,"minecraft:leather":1,"minecraft:torch":1,"minecraft:lead":1,"minecraft:dandelion":1,"tombstone:grave_dust":1,"minecraft:carrot":2,"minecraft:gunpowder":1,"minecraft:spider_eye":3,"minecraft:string":8,"minecraft:bundle":1,"minecraft:bone":10,"minecraft:arrow":12,"minecraft:rotten_flesh":17,"jeg:waterpipe_shotgun":1,"minecraft:golden_apple":2,"projectvibrantjourneys:sandy_sprouts":3,"tombstone:magic_scroll":1,"projectvibrantjourneys:twigs":1,"ecologics:crab_claw":1},"minecraft:killed_by":{"minecraft:zombie":1},"minecraft:used":{"epicsamurai:gold_samurai_helmet":1,"epicsamurai:gold_samurai_boots":1,"epicsamurai:gold_samurai_leggings":1,"minecraft:zombie_spawn_egg":1,"minecraft:torch":3,"epicsamurai:gold_samurai_chestplate":1,"jeg:burst_rifle":142,"epicsamurai:katana":147,"minecraft:golden_apple":13,"minecraft:sand":22,"jeg:revolver":82,"jeg:waterpipe_shotgun":12,"minecraft:enchanted_golden_apple":2}},"DataVersion":3465}