{"stats":{"minecraft:killed":{"minecraft:evoker":2,"minecraft:vex":6,"minecraft:vindicator":2,"minecraft:spider":8,"minecraft:slime":7,"minecraft:skeleton":19,"minecraft:drowned":4,"jeg:ghoul":5,"minecraft:salmon":1,"minecraft:creeper":8,"minecraft:pillager":1,"minecraft:zombie":25,"alexsmobs:moose":4,"minecraft:cow":1,"minecraft:enderman":1},"minecraft:custom":{"minecraft:mob_kills":95,"minecraft:interact_with_crafting_table":57,"minecraft:open_barrel":26,"minecraft:leave_game":6,"minecraft:time_since_death":220031,"minecraft:climb_one_cm":1296,"minecraft:sprint_one_cm":332939,"minecraft:walk_one_cm":685253,"minecraft:damage_blocked_by_shield":105,"minecraft:drop":76,"minecraft:play_time":276159,"minecraft:sneak_time":3685,"minecraft:deaths":9,"minecraft:walk_under_water_one_cm":41199,"minecraft:jump":2222,"minecraft:interact_with_blast_furnace":20,"minecraft:walk_on_water_one_cm":26471,"minecraft:total_world_time":276159,"minecraft:interact_with_furnace":72,"tombstone:raider_killed":5,"minecraft:interact_with_loom":3,"minecraft:sleep_in_bed":1,"minecraft:time_since_rest":147795,"minecraft:damage_taken":6017,"minecraft:damage_absorbed":48,"minecraft:trigger_trapped_chest":1,"minecraft:damage_dealt":18982,"minecraft:player_kills":4,"minecraft:swim_one_cm":7658,"minecraft:fly_one_cm":269555,"minecraft:crouch_one_cm":7825,"minecraft:open_chest":87,"tombstone:undead_killed":53,"minecraft:fall_one_cm":35968},"minecraft:crafted":{"minecraft:smooth_stone":15,"minecraft:oak_planks":8,"epicsamurai:silver_ingot":32,"minecraft:iron_nugget":9,"minecraft:spruce_button":5,"magistuarmory:wood_heatershield":1,"minecraft:furnace":6,"minecraft:blast_furnace":1,"minecraft:stone":15,"minecraft:mushroom_stew":1,"minecraft:spruce_pressure_plate":2,"epicsamurai:red_samurai_chestplate":1,"jeg:scrap_workbench":1,"minecraft:iron_axe":1,"minecraft:stone_pickaxe":2,"minecraft:chest":6,"minecraft:iron_door":3,"jeg:repair_kit":1,"magistuarmory:silver_heatershield":1,"minecraft:crafting_table":6,"minecraft:spruce_planks":144,"skilltree:iron_ring":2,"alexsmobs:cooked_moose_ribs":5,"minecraft:bowl":4,"edible_zombie_flesh:cooked_flesh":29,"minecraft:stone_axe":1,"epicsamurai:white_samurai_helmet_light":1,"minecraft:air":0,"jeg:scrap_block":1,"epicsamurai:white_samurai_boots":1,"epicsamurai:red_samurai_helmet_light":1,"minecraft:iron_chestplate":1,"minecraft:stick":44,"minecraft:iron_ingot":112,"minecraft:iron_pickaxe":4,"minecraft:stone_sword":1,"minecraft:iron_leggings":1,"minecraft:gold_ingot":5,"epicsamurai:steel_ingot":22,"minecraft:torch":92,"epicsamurai:white_samurai_leggings":1},"minecraft:dropped":{"farmersdelight:tomato_seeds":4,"minecraft:iron_ingot":19,"minecraft:bread":2,"minecraft:moss_block":8,"minecraft:crafting_table":1,"minecraft:cobblestone":21,"minecraft:granite":4,"minecraft:spruce_button":2,"minecraft:stick":4,"edible_zombie_flesh:cooked_flesh":10,"minecraft:diorite":16,"minecraft:torch":23,"skilltree:gem":8,"minecraft:iron_door":1,"minecraft:snowball":8,"tombstone:grave_dust":1,"minecraft:bone_meal":1,"minecraft:flowering_azalea":1,"minecraft:iron_pickaxe":1,"minecraft:smooth_stone":12,"minecraft:string":3,"projectvibrantjourneys:bark_mushroom":2,"minecraft:bone":22,"minecraft:gravel":10,"minecraft:moss_carpet":3,"minecraft:iron_nugget":3,"minecraft:stone_sword":2,"minecraft:bowl":8,"farmersdelight:cabbage_seeds":21,"minecraft:pumpkin_seeds":4,"projectvibrantjourneys:light_brown_bark_mushroom":1,"minecraft:spruce_planks":6,"minecraft:andesite":2,"minecraft:melon_seeds":3,"minecraft:azalea":1,"artifacts:onion_ring":2,"minecraft:arrow":13,"minecraft:stone_pickaxe":2,"minecraft:wooden_pickaxe":1},"minecraft:mined":{"minecraft:tuff":30,"minecraft:spruce_planks":1,"projectvibrantjourneys:rocks":3,"minecraft:cave_vines_plant":2,"minecraft:granite":4,"epicsamurai:deepslate_ruby_ore":5,"epicsamurai:silver_ore":27,"minecraft:grass_block":23,"minecraft:spruce_leaves":4,"minecraft:moss_block":1,"minecraft:large_fern":2,"epicsamurai:onyx_ore":6,"minecraft:furnace":3,"minecraft:iron_ore":77,"minecraft:barrel":1,"minecraft:andesite":37,"minecraft:deepslate_lapis_ore":4,"minecraft:cave_vines":4,"minecraft:deepslate_iron_ore":34,"epicsamurai:deepslate_silver_ore":5,"minecraft:stripped_oak_log":2,"projectvibrantjourneys:ice_chunks":1,"projectvibrantjourneys:seashells":1,"minecraft:stone":412,"minecraft:deepslate_redstone_ore":8,"minecraft:flowering_azalea":2,"minecraft:brown_mushroom":1,"jeg:scrap_ore":39,"minecraft:clay":2,"minecraft:crafting_table":2,"minecraft:torch":14,"minecraft:spruce_button":2,"minecraft:blast_furnace":1,"projectvibrantjourneys:mossy_rocks":1,"minecraft:copper_ore":11,"minecraft:tall_grass":2,"minecraft:cobblestone":26,"minecraft:deepslate_gold_ore":5,"minecraft:lapis_ore":13,"minecraft:sugar_cane":2,"minecraft:diorite":86,"minecraft:wall_torch":9,"minecraft:deepslate_copper_ore":9,"jeg:deepslate_scrap_ore":8,"projectvibrantjourneys:light_brown_bark_mushroom":1,"minecraft:spruce_log":37,"projectvibrantjourneys:bones":1,"minecraft:tnt":1,"k_turrets:titanium_ore":10,"minecraft:grass":3,"minecraft:oak_log":1,"projectvibrantjourneys:spruce_hollow_log":2,"minecraft:coal_ore":114,"projectvibrantjourneys:short_grass":4,"minecraft:gravel":5,"minecraft:dirt":68,"minecraft:sand":1,"projectvibrantjourneys:pinecones":2,"minecraft:cracked_stone_bricks":1,"minecraft:deepslate":266,"epicsamurai:ruby_ore":5,"minecraft:fern":2},"minecraft:picked_up":{"minecraft:crafting_table":2,"minecraft:clay_ball":12,"minecraft:brown_mushroom":1,"minecraft:wooden_pickaxe":2,"edible_zombie_flesh:cooked_flesh":5,"minecraft:enchanted_book":2,"minecraft:string":10,"minecraft:moss_carpet":5,"minecraft:raw_copper":68,"minecraft:iron_axe":1,"minecraft:cobbled_deepslate":53,"minecraft:spruce_planks":18,"minecraft:beef":2,"minecraft:azalea":1,"minecraft:iron_nugget":2,"minecraft:iron_pickaxe":1,"minecraft:sugar_cane":32,"minecraft:furnace":3,"minecraft:stick":6,"minecraft:raw_iron":139,"projectvibrantjourneys:bark_mushroom":4,"minecraft:torch":51,"minecraft:bowl":8,"tombstone:grave_dust":5,"minecraft:diorite":110,"minecraft:redstone":32,"minecraft:stone_sword":1,"jeg:healing_talisman":5,"minecraft:arrow":35,"minecraft:rotten_flesh":33,"k_turrets:raw_titanium":17,"minecraft:totem_of_undying":1,"minecraft:snowball":23,"minecraft:cobblestone":492,"minecraft:stripped_oak_log":2,"travelersbackpack:melon":1,"minecraft:andesite":32,"minecraft:leather":1,"minecraft:red_mushroom":1,"artifacts:onion_ring":2,"minecraft:oak_log":1,"jeg:scrap":99,"minecraft:gunpowder":11,"minecraft:lapis_lazuli":106,"skilltree:gem":54,"projectvibrantjourneys:spruce_hollow_log":2,"minecraft:dirt":87,"jeg:grenade":9,"minecraft:bone":29,"minecraft:wheat_seeds":2,"minecraft:raw_gold":5,"minecraft:iron_ingot":13,"minecraft:stone_pickaxe":1,"tombstone:bag_of_seeds":1,"minecraft:moss_block":8,"epicsamurai:raw_silver":32,"minecraft:flowering_azalea":1,"jeg:tech_trash":9,"epicsamurai:onyx":6,"projectvibrantjourneys:light_brown_bark_mushroom":2,"minecraft:gravel":10,"minecraft:sand":1,"minecraft:blast_furnace":1,"minecraft:spruce_log":39,"minecraft:spider_eye":1,"alexsmobs:animal_dictionary":1,"minecraft:bundle":4,"minecraft:slime_ball":7,"minecraft:crossbow":1,"minecraft:granite":6,"minecraft:bone_meal":3,"alexsmobs:moose_ribs":7,"minecraft:spruce_button":5,"minecraft:emerald":1,"minecraft:bread":2,"tombstone:magic_scroll":2,"epicsamurai:ruby":10,"minecraft:coal":175},"minecraft:used":{"tombstone:scroll_of_lightning_resistance":1,"minecraft:moss_carpet":2,"minecraft:stone_sword":127,"magistuarmory:silver_heatershield":4,"minecraft:chest":6,"minecraft:spruce_planks":6,"minecraft:rotten_flesh":10,"minecraft:iron_chestplate":1,"minecraft:torch":114,"minecraft:dirt":55,"projectvibrantjourneys:bark_mushroom":1,"minecraft:granite":2,"minecraft:snowball":1,"minecraft:iron_axe":131,"minecraft:spruce_button":4,"minecraft:furnace":7,"tombstone:gift":4,"minecraft:iron_leggings":1,"minecraft:diorite":6,"minecraft:stone_pickaxe":211,"travelersbackpack:melon":2,"minecraft:sand":1,"minecraft:crafting_table":7,"minecraft:blast_furnace":2,"minecraft:mushroom_stew":1,"tombstone:bag_of_seeds":1,"minecraft:oak_log":1,"minecraft:diamond_shovel":25,"minecraft:bread":1,"minecraft:iron_pickaxe":1067,"minecraft:spruce_pressure_plate":2,"alexsmobs:cooked_moose_ribs":5,"minecraft:iron_door":2,"minecraft:stone_axe":63,"jeg:scrap_workbench":1,"minecraft:cobblestone":91,"edible_zombie_flesh:cooked_flesh":20,"minecraft:andesite":9,"alexsmobs:animal_dictionary":1},"minecraft:broken":{"minecraft:stone_pickaxe":1,"minecraft:iron_axe":1,"minecraft:iron_pickaxe":3},"minecraft:killed_by":{"minecraft:player":2,"minecraft:slime":1,"minecraft:skeleton":3,"minecraft:zombie":1,"epicsamurai:kitsune":1}},"DataVersion":3465}