{"stats":{"minecraft:picked_up":{"minecraft:crafting_table":1,"minecraft:clay_ball":3,"minecraft:andesite":4,"minecraft:brown_mushroom":1,"minecraft:wooden_pickaxe":2,"minecraft:red_mushroom":1,"minecraft:enchanted_book":2,"jeg:scrap":7,"minecraft:gunpowder":4,"minecraft:moss_carpet":5,"skilltree:gem":16,"minecraft:dirt":60,"projectvibrantjourneys:spruce_hollow_log":2,"minecraft:string":5,"minecraft:bone":8,"minecraft:spruce_planks":15,"minecraft:iron_ingot":12,"minecraft:stone_pickaxe":1,"minecraft:azalea":1,"minecraft:moss_block":8,"minecraft:sugar_cane":24,"minecraft:flowering_azalea":1,"jeg:tech_trash":2,"projectvibrantjourneys:light_brown_bark_mushroom":2,"minecraft:stick":4,"minecraft:raw_iron":42,"projectvibrantjourneys:bark_mushroom":2,"minecraft:torch":8,"minecraft:bowl":8,"minecraft:gravel":7,"minecraft:sand":1,"minecraft:spruce_log":13,"alexsmobs:animal_dictionary":1,"minecraft:bundle":2,"minecraft:arrow":26,"jeg:healing_talisman":5,"minecraft:stone_sword":1,"minecraft:rotten_flesh":21,"minecraft:slime_ball":7,"k_turrets:raw_titanium":8,"minecraft:granite":2,"minecraft:bone_meal":3,"minecraft:spruce_button":1,"minecraft:snowball":14,"minecraft:coal":83,"minecraft:cobblestone":113},"minecraft:dropped":{"minecraft:iron_ingot":12,"minecraft:moss_carpet":3,"minecraft:moss_block":8,"minecraft:stone_sword":1,"minecraft:bowl":8,"minecraft:spruce_button":2,"minecraft:stick":2,"projectvibrantjourneys:light_brown_bark_mushroom":1,"minecraft:torch":2,"minecraft:spruce_planks":3,"minecraft:bone_meal":1,"tombstone:grave_dust":1,"minecraft:azalea":1,"minecraft:flowering_azalea":1,"minecraft:snowball":8,"minecraft:arrow":13,"minecraft:stone_pickaxe":1,"projectvibrantjourneys:bark_mushroom":1},"minecraft:killed":{"jeg:ghoul":4,"minecraft:salmon":1,"minecraft:spider":4,"minecraft:slime":7,"minecraft:creeper":1,"minecraft:skeleton":6,"minecraft:zombie":7,"minecraft:drowned":4},"minecraft:broken":{"minecraft:stone_pickaxe":1},"minecraft:used":{"minecraft:moss_carpet":2,"minecraft:stone_sword":127,"minecraft:stone_pickaxe":146,"minecraft:spruce_planks":3,"minecraft:chest":2,"minecraft:rotten_flesh":10,"minecraft:iron_chestplate":1,"minecraft:torch":58,"minecraft:dirt":50,"minecraft:sand":1,"minecraft:crafting_table":3,"minecraft:mushroom_stew":1,"minecraft:granite":1,"minecraft:snowball":1,"minecraft:iron_pickaxe":5,"minecraft:stone_axe":8,"minecraft:cobblestone":4,"minecraft:furnace":2,"alexsmobs:animal_dictionary":1,"tombstone:gift":3},"minecraft:killed_by":{"minecraft:player":2,"minecraft:skeleton":3,"minecraft:zombie":1,"minecraft:slime":1,"epicsamurai:kitsune":1},"minecraft:mined":{"minecraft:flowering_azalea":1,"minecraft:brown_mushroom":1,"jeg:scrap_ore":1,"projectvibrantjourneys:rocks":1,"minecraft:torch":3,"minecraft:granite":1,"minecraft:grass_block":19,"projectvibrantjourneys:mossy_rocks":1,"minecraft:cobblestone":3,"minecraft:sugar_cane":2,"minecraft:wall_torch":1,"minecraft:large_fern":1,"projectvibrantjourneys:light_brown_bark_mushroom":1,"minecraft:iron_ore":13,"projectvibrantjourneys:bones":1,"minecraft:spruce_log":10,"minecraft:andesite":4,"k_turrets:titanium_ore":1,"minecraft:grass":2,"projectvibrantjourneys:spruce_hollow_log":2,"minecraft:coal_ore":51,"projectvibrantjourneys:short_grass":2,"projectvibrantjourneys:pinecones":1,"minecraft:sand":1,"minecraft:dirt":46,"projectvibrantjourneys:seashells":1,"minecraft:stone":66,"minecraft:fern":2},"minecraft:crafted":{"minecraft:iron_nugget":9,"minecraft:crafting_table":2,"minecraft:spruce_planks":56,"skilltree:iron_ring":2,"minecraft:spruce_button":1,"minecraft:bowl":4,"minecraft:furnace":2,"minecraft:mushroom_stew":1,"minecraft:stone_axe":1,"minecraft:air":0,"minecraft:iron_chestplate":1,"minecraft:iron_pickaxe":1,"minecraft:iron_ingot":15,"minecraft:stick":24,"minecraft:stone_pickaxe":2,"minecraft:chest":2,"minecraft:stone_sword":1,"minecraft:torch":68},"minecraft:custom":{"minecraft:interact_with_furnace":11,"minecraft:mob_kills":35,"minecraft:interact_with_crafting_table":20,"minecraft:leave_game":2,"minecraft:time_since_death":16912,"minecraft:time_since_rest":16005,"minecraft:sprint_one_cm":125850,"minecraft:damage_taken":2986,"minecraft:walk_one_cm":156292,"minecraft:drop":22,"minecraft:damage_dealt":5446,"minecraft:swim_one_cm":7658,"minecraft:play_time":73040,"minecraft:fly_one_cm":149722,"minecraft:player_kills":2,"minecraft:open_chest":13,"minecraft:crouch_one_cm":2541,"minecraft:sneak_time":1604,"tombstone:undead_killed":21,"minecraft:deaths":9,"minecraft:walk_under_water_one_cm":40608,"minecraft:jump":988,"minecraft:walk_on_water_one_cm":23871,"minecraft:total_world_time":73040,"minecraft:fall_one_cm":17051}},"DataVersion":3465}