{"stats":{"minecraft:mined":{"minecraft:grass":5},"minecraft:custom":{"minecraft:time_since_rest":13251,"minecraft:sprint_one_cm":250493,"minecraft:damage_taken":2774,"minecraft:walk_one_cm":139304,"minecraft:damage_absorbed":703,"minecraft:damage_blocked_by_shield":55,"minecraft:mob_kills":77,"minecraft:drop":16,"minecraft:damage_dealt":10754,"minecraft:swim_one_cm":2221,"minecraft:fly_one_cm":170665,"minecraft:crouch_one_cm":350,"minecraft:play_time":63714,"minecraft:deaths":2,"tombstone:undead_killed":45,"minecraft:sneak_time":470,"minecraft:walk_under_water_one_cm":4991,"tombstone:villager_killed":1,"minecraft:jump":511,"minecraft:leave_game":3,"minecraft:walk_on_water_one_cm":5850,"minecraft:time_since_death":13505,"minecraft:total_world_time":63714,"minecraft:damage_resisted":46,"minecraft:fall_one_cm":9527},"minecraft:crafted":{"tombstone:grave_key":1},"minecraft:killed":{"minecraft:sheep":2,"minecraft:skeleton":17,"minecraft:trader_llama":2,"minecraft:zombie":28,"ecologics:coconut_crab":3,"minecraft:spider":8,"minecraft:bat":2,"minecraft:wandering_trader":1,"minecraft:creeper":3,"cataclysm:ender_golem":1},"minecraft:dropped":{"minecraft:grass":1,"minecraft:rotten_flesh":1,"epicsamurai:katana":1,"projectvibrantjourneys:short_grass":1,"jeg:waterpipe_shotgun":1,"minecraft:golden_apple":11},"minecraft:picked_up":{"minecraft:stick":1,"ecologics:coconut_slice":8,"minecraft:leather":1,"minecraft:torch":1,"minecraft:lead":1,"minecraft:dandelion":1,"tombstone:grave_dust":1,"minecraft:carrot":2,"minecraft:gunpowder":1,"minecraft:spider_eye":3,"minecraft:string":14,"minecraft:bundle":2,"minecraft:bone":13,"minecraft:arrow":16,"minecraft:rotten_flesh":22,"minecraft:wheat_seeds":2,"cataclysm:void_core":1,"jeg:waterpipe_shotgun":1,"minecraft:grass":1,"minecraft:golden_apple":2,"projectvibrantjourneys:sandy_sprouts":3,"projectvibrantjourneys:short_grass":1,"tombstone:magic_scroll":1,"projectvibrantjourneys:twigs":1,"ecologics:crab_claw":1,"minecraft:egg":1},"minecraft:killed_by":{"minecraft:skeleton":1,"minecraft:zombie":1},"minecraft:used":{"minecraft:netherite_sword":59,"epicsamurai:gold_samurai_helmet":1,"epicsamurai:gold_samurai_boots":1,"minecraft:grass_block":21,"magistuarmory:stone_rondache":3,"minecraft:netherite_axe":9,"cataclysm:ender_golem_spawn_egg":1,"epicsamurai:gold_samurai_leggings":1,"minecraft:zombie_spawn_egg":1,"minecraft:torch":3,"epicsamurai:gold_samurai_chestplate":1,"jeg:burst_rifle":142,"epicsamurai:katana":147,"minecraft:golden_apple":23,"minecraft:sand":22,"jeg:revolver":82,"jeg:waterpipe_shotgun":12,"minecraft:enchanted_golden_apple":2}},"DataVersion":3465}