{"stats":{"minecraft:mined":{"minecraft:tuff":9,"minecraft:spruce_planks":1,"projectvibrantjourneys:rocks":3,"minecraft:granite":1,"epicsamurai:silver_ore":8,"minecraft:grass_block":19,"minecraft:large_fern":1,"minecraft:furnace":1,"minecraft:iron_ore":27,"minecraft:andesite":4,"minecraft:deepslate_lapis_ore":4,"minecraft:deepslate_iron_ore":24,"epicsamurai:deepslate_silver_ore":5,"projectvibrantjourneys:seashells":1,"minecraft:stone":75,"minecraft:deepslate_redstone_ore":5,"minecraft:flowering_azalea":1,"minecraft:brown_mushroom":1,"jeg:scrap_ore":12,"minecraft:crafting_table":1,"minecraft:torch":3,"projectvibrantjourneys:mossy_rocks":1,"minecraft:cobblestone":4,"minecraft:deepslate_gold_ore":5,"minecraft:sugar_cane":2,"minecraft:diorite":3,"minecraft:wall_torch":3,"jeg:deepslate_scrap_ore":8,"projectvibrantjourneys:light_brown_bark_mushroom":1,"projectvibrantjourneys:bones":1,"minecraft:spruce_log":10,"k_turrets:titanium_ore":3,"minecraft:grass":2,"projectvibrantjourneys:spruce_hollow_log":2,"minecraft:coal_ore":75,"projectvibrantjourneys:short_grass":2,"projectvibrantjourneys:pinecones":1,"minecraft:sand":1,"minecraft:dirt":46,"minecraft:deepslate":8,"minecraft:fern":2},"minecraft:killed_by":{"minecraft:player":2,"minecraft:slime":1,"minecraft:skeleton":3,"minecraft:zombie":1,"epicsamurai:kitsune":1},"minecraft:custom":{"minecraft:mob_kills":37,"minecraft:interact_with_crafting_table":21,"minecraft:leave_game":4,"minecraft:time_since_death":49815,"minecraft:sprint_one_cm":132528,"minecraft:walk_one_cm":214301,"minecraft:drop":33,"minecraft:play_time":105943,"minecraft:deaths":9,"minecraft:sneak_time":2097,"minecraft:walk_under_water_one_cm":40608,"minecraft:jump":1090,"minecraft:walk_on_water_one_cm":23871,"minecraft:total_world_time":105943,"minecraft:interact_with_furnace":21,"minecraft:time_since_rest":48908,"minecraft:damage_taken":3217,"minecraft:damage_dealt":5816,"minecraft:swim_one_cm":7658,"minecraft:fly_one_cm":155309,"minecraft:player_kills":2,"minecraft:open_chest":13,"minecraft:crouch_one_cm":3690,"tombstone:undead_killed":23,"minecraft:fall_one_cm":18841},"minecraft:dropped":{"minecraft:iron_ingot":12,"minecraft:moss_block":8,"minecraft:spruce_button":2,"minecraft:stick":2,"minecraft:diorite":2,"minecraft:torch":2,"skilltree:gem":3,"minecraft:snowball":8,"tombstone:grave_dust":1,"minecraft:bone_meal":1,"minecraft:flowering_azalea":1,"projectvibrantjourneys:bark_mushroom":1,"minecraft:gravel":7,"minecraft:moss_carpet":3,"minecraft:iron_nugget":3,"minecraft:stone_sword":2,"minecraft:bowl":8,"projectvibrantjourneys:light_brown_bark_mushroom":1,"minecraft:spruce_planks":3,"minecraft:andesite":1,"minecraft:azalea":1,"minecraft:arrow":13,"minecraft:wooden_pickaxe":1,"minecraft:stone_pickaxe":2},"minecraft:broken":{"minecraft:stone_pickaxe":1},"minecraft:crafted":{"epicsamurai:silver_ingot":8,"minecraft:iron_nugget":9,"minecraft:spruce_button":1,"minecraft:furnace":3,"minecraft:mushroom_stew":1,"minecraft:stone_pickaxe":2,"minecraft:chest":2,"minecraft:crafting_table":3,"minecraft:spruce_planks":56,"skilltree:iron_ring":2,"minecraft:bowl":4,"edible_zombie_flesh:cooked_flesh":13,"minecraft:stone_axe":1,"minecraft:air":0,"minecraft:iron_chestplate":1,"minecraft:stick":24,"minecraft:iron_ingot":15,"minecraft:iron_pickaxe":1,"minecraft:stone_sword":1,"minecraft:torch":68},"minecraft:killed":{"minecraft:spider":4,"minecraft:slime":7,"minecraft:skeleton":7,"minecraft:drowned":4,"jeg:ghoul":4,"minecraft:salmon":1,"minecraft:creeper":1,"minecraft:zombie":8},"minecraft:used":{"minecraft:moss_carpet":2,"minecraft:stone_sword":127,"minecraft:spruce_planks":6,"minecraft:chest":2,"minecraft:rotten_flesh":10,"minecraft:iron_chestplate":1,"minecraft:torch":75,"minecraft:dirt":51,"minecraft:granite":2,"minecraft:snowball":1,"minecraft:furnace":3,"tombstone:gift":3,"minecraft:diorite":1,"minecraft:stone_pickaxe":211,"minecraft:sand":1,"minecraft:crafting_table":4,"minecraft:mushroom_stew":1,"minecraft:iron_pickaxe":84,"minecraft:stone_axe":14,"minecraft:cobblestone":8,"edible_zombie_flesh:cooked_flesh":2,"alexsmobs:animal_dictionary":1},"minecraft:picked_up":{"minecraft:crafting_table":2,"minecraft:clay_ball":4,"minecraft:brown_mushroom":1,"minecraft:wooden_pickaxe":2,"minecraft:enchanted_book":2,"minecraft:string":5,"minecraft:moss_carpet":5,"minecraft:spruce_planks":16,"minecraft:azalea":1,"minecraft:iron_nugget":2,"minecraft:sugar_cane":24,"minecraft:furnace":1,"minecraft:stick":4,"minecraft:raw_iron":79,"projectvibrantjourneys:bark_mushroom":2,"minecraft:torch":10,"minecraft:bowl":8,"minecraft:diorite":5,"minecraft:redstone":23,"minecraft:rotten_flesh":23,"minecraft:arrow":27,"jeg:healing_talisman":5,"minecraft:stone_sword":1,"k_turrets:raw_titanium":10,"minecraft:snowball":14,"minecraft:cobblestone":123,"minecraft:andesite":4,"minecraft:red_mushroom":1,"jeg:scrap":47,"minecraft:gunpowder":4,"minecraft:lapis_lazuli":27,"minecraft:dirt":60,"skilltree:gem":31,"projectvibrantjourneys:spruce_hollow_log":2,"minecraft:bone":10,"minecraft:raw_gold":5,"minecraft:iron_ingot":12,"minecraft:stone_pickaxe":1,"minecraft:moss_block":8,"jeg:tech_trash":5,"minecraft:flowering_azalea":1,"epicsamurai:raw_silver":13,"projectvibrantjourneys:light_brown_bark_mushroom":2,"minecraft:gravel":7,"minecraft:sand":1,"minecraft:spruce_log":13,"alexsmobs:animal_dictionary":1,"minecraft:bundle":2,"minecraft:slime_ball":7,"minecraft:granite":2,"minecraft:bone_meal":3,"minecraft:spruce_button":1,"tombstone:magic_scroll":1,"minecraft:coal":127}},"DataVersion":3465}