{"stats":{"minecraft:killed":{"alexsmobs:raccoon":2,"minecraft:spider":7,"minecraft:slime":7,"minecraft:skeleton":10,"minecraft:drowned":1,"minecraft:pig":2,"minecraft:salmon":2,"minecraft:sheep":3,"minecraft:zombie":12},"minecraft:custom":{"minecraft:mob_kills":49,"minecraft:interact_with_crafting_table":47,"minecraft:open_barrel":2,"minecraft:leave_game":4,"minecraft:time_since_death":89736,"minecraft:sprint_one_cm":522370,"minecraft:walk_one_cm":815523,"minecraft:drop":37,"minecraft:play_time":253884,"minecraft:deaths":12,"minecraft:sneak_time":1254,"minecraft:walk_under_water_one_cm":36137,"minecraft:jump":2338,"minecraft:interact_with_blast_furnace":1,"minecraft:walk_on_water_one_cm":24153,"minecraft:total_world_time":253884,"minecraft:interact_with_furnace":33,"minecraft:interact_with_loom":1,"minecraft:sleep_in_bed":1,"minecraft:time_since_rest":89580,"minecraft:damage_taken":4361,"minecraft:damage_dealt":7714,"minecraft:swim_one_cm":8379,"minecraft:fly_one_cm":323114,"minecraft:player_kills":2,"minecraft:open_chest":55,"minecraft:crouch_one_cm":1306,"tombstone:undead_killed":23,"minecraft:fall_one_cm":33369},"minecraft:crafted":{"minecraft:stone_shovel":1,"minecraft:furnace":8,"minecraft:stone":64,"minecraft:bone_meal":57,"minecraft:cooked_mutton":5,"minecraft:spruce_stairs":88,"minecraft:iron_boots":1,"minecraft:spruce_slab":12,"minecraft:stone_pickaxe":15,"minecraft:chest":26,"minecraft:stone_hoe":1,"minecraft:stone_bricks":64,"farmersdelight:tomato_seeds":1,"minecraft:cooked_porkchop":5,"minecraft:crafting_table":9,"minecraft:spruce_planks":556,"minecraft:iron_helmet":1,"minecraft:wooden_pickaxe":1,"minecraft:bucket":1,"minecraft:stone_axe":3,"minecraft:air":0,"minecraft:white_wool":3,"minecraft:iron_chestplate":1,"minecraft:stick":60,"minecraft:iron_ingot":14,"minecraft:stone_sword":2,"minecraft:iron_leggings":1,"minecraft:white_bed":2,"minecraft:torch":112},"minecraft:dropped":{"minecraft:wheat_seeds":1,"minecraft:crafting_table":1,"minecraft:cobblestone":33,"jeg:scrap":7,"minecraft:spruce_stairs":1,"projectvibrantjourneys:orange_bark_mushroom":3,"minecraft:diorite":1,"minecraft:torch":3,"skilltree:gem":8,"tombstone:grave_dust":1,"minecraft:string":4,"minecraft:gravel":7,"minecraft:stone_axe":1,"alexsmobs:animal_dictionary":1,"minecraft:raw_iron":13,"minecraft:rotten_flesh":4,"minecraft:iron_boots":1,"minecraft:salmon":1,"minecraft:potato":4,"minecraft:gunpowder":2,"minecraft:spruce_planks":5,"k_turrets:raw_titanium":3,"minecraft:spider_eye":2,"minecraft:arrow":4,"minecraft:wooden_pickaxe":1,"minecraft:stone_pickaxe":3},"minecraft:mined":{"alexscaves:spelunkery_table":1,"minecraft:large_amethyst_bud":1,"minecraft:spruce_planks":8,"minecraft:granite":41,"minecraft:grass_block":151,"farmersdelight:tomatoes":1,"minecraft:spruce_leaves":64,"minecraft:large_fern":1,"minecraft:iron_ore":51,"minecraft:snow":2,"minecraft:andesite":111,"minecraft:stripped_spruce_log":1,"minecraft:potatoes":28,"minecraft:stone":1264,"minecraft:tripwire":1,"jeg:scrap_ore":12,"ecologics:thin_ice":2,"minecraft:crafting_table":5,"minecraft:torch":37,"minecraft:chest":1,"projectvibrantjourneys:mossy_rocks":1,"minecraft:copper_ore":16,"minecraft:cobblestone":73,"minecraft:lapis_ore":9,"minecraft:diorite":98,"minecraft:wall_torch":29,"minecraft:spruce_stairs":6,"minecraft:spruce_log":242,"k_turrets:titanium_ore":3,"minecraft:oak_log":1,"minecraft:coal_ore":137,"projectvibrantjourneys:short_grass":6,"minecraft:gravel":13,"minecraft:dirt":128,"minecraft:cobweb":14,"minecraft:stone_bricks":26},"minecraft:used":{"minecraft:stone_sword":145,"minecraft:stone_shovel":89,"minecraft:spruce_slab":12,"minecraft:chest":27,"minecraft:spruce_planks":94,"minecraft:stone_hoe":69,"minecraft:rotten_flesh":3,"minecraft:torch":163,"minecraft:dirt":215,"minecraft:spruce_stairs":78,"minecraft:granite":16,"jeg:grenade":1,"minecraft:stone_bricks":62,"alexscaves:spelunkery_table":1,"minecraft:furnace":8,"tombstone:gift":3,"minecraft:potato":81,"farmersdelight:tomato_seeds":6,"minecraft:cooked_mutton":5,"minecraft:water_bucket":4,"minecraft:diorite":5,"minecraft:stone_pickaxe":1929,"minecraft:ender_pearl":1,"minecraft:wooden_pickaxe":18,"minecraft:salmon":1,"minecraft:glow_berries":4,"minecraft:crafting_table":13,"minecraft:white_bed":2,"minecraft:spruce_log":33,"minecraft:oak_log":1,"minecraft:string":1,"minecraft:iron_door":1,"minecraft:spruce_sapling":16,"minecraft:gravel":6,"minecraft:stone_axe":359,"minecraft:cobblestone":367,"edible_zombie_flesh:cooked_flesh":5,"minecraft:cooked_porkchop":5,"minecraft:andesite":6,"minecraft:bucket":4,"alexsmobs:animal_dictionary":4,"minecraft:bone_meal":57},"minecraft:picked_up":{"minecraft:crafting_table":5,"edible_zombie_flesh:cooked_flesh":5,"minecraft:string":19,"minecraft:raw_copper":60,"minecraft:spruce_planks":13,"minecraft:chest":1,"farmersdelight:cabbage_seeds":21,"minecraft:iron_boots":1,"minecraft:stick":12,"minecraft:raw_iron":50,"projectvibrantjourneys:bark_mushroom":4,"minecraft:torch":88,"minecraft:spruce_stairs":9,"minecraft:porkchop":5,"farmersdelight:tomato_seeds":5,"tombstone:grave_dust":4,"minecraft:diorite":104,"jeg:healing_talisman":2,"minecraft:arrow":8,"minecraft:rotten_flesh":15,"k_turrets:raw_titanium":3,"alexscaves:spelunkery_table":1,"minecraft:mutton":5,"minecraft:snowball":16,"minecraft:white_wool":3,"minecraft:cobblestone":1446,"minecraft:iron_door":1,"minecraft:andesite":117,"minecraft:salmon":2,"projectvibrantjourneys:fallen_leaves":1,"minecraft:potato":94,"minecraft:flint":1,"minecraft:oak_log":1,"jeg:scrap":25,"minecraft:lapis_lazuli":64,"skilltree:gem":32,"farmersdelight:tomato":1,"minecraft:dirt":291,"jeg:grenade":1,"minecraft:bone":20,"minecraft:stone_bricks":26,"minecraft:bow":1,"minecraft:wheat_seeds":8,"minecraft:stone_pickaxe":3,"minecraft:iron_ingot":13,"jeg:tech_trash":2,"projectvibrantjourneys:light_brown_bark_mushroom":1,"minecraft:gravel":13,"minecraft:amethyst_shard":2,"minecraft:stripped_spruce_log":1,"minecraft:spruce_sapling":20,"minecraft:spruce_log":236,"alexsmobs:animal_dictionary":1,"minecraft:spider_eye":4,"minecraft:pumpkin_seeds":4,"minecraft:slime_ball":5,"minecraft:stone_axe":1,"minecraft:granite":43,"projectvibrantjourneys:orange_bark_mushroom":3,"minecraft:melon_seeds":3,"minecraft:coal":139,"minecraft:ender_pearl":2},"minecraft:broken":{"minecraft:stone_sword":1,"minecraft:stone_pickaxe":14,"minecraft:stone_axe":3},"minecraft:killed_by":{"minecraft:player":4,"minecraft:creeper":1,"minecraft:spider":1,"minecraft:zombie":2}},"DataVersion":3465}