{"stats":{"minecraft:used":{"minecraft:cooked_mutton":5,"minecraft:stone_sword":145,"minecraft:stone_pickaxe":514,"minecraft:chest":1,"minecraft:ender_pearl":1,"minecraft:wooden_pickaxe":18,"minecraft:rotten_flesh":3,"minecraft:glow_berries":4,"minecraft:salmon":1,"minecraft:torch":71,"minecraft:dirt":44,"minecraft:crafting_table":11,"minecraft:white_bed":1,"minecraft:granite":1,"jeg:grenade":1,"minecraft:oak_log":1,"minecraft:string":1,"minecraft:gravel":6,"alexscaves:spelunkery_table":1,"minecraft:stone_axe":33,"minecraft:cobblestone":74,"minecraft:furnace":6,"minecraft:cooked_porkchop":5,"tombstone:gift":3,"alexsmobs:animal_dictionary":4},"minecraft:broken":{"minecraft:stone_pickaxe":3,"minecraft:stone_sword":1},"minecraft:crafted":{"minecraft:cooked_porkchop":5,"minecraft:crafting_table":7,"minecraft:spruce_planks":68,"minecraft:wooden_pickaxe":1,"minecraft:furnace":6,"minecraft:stone_axe":1,"minecraft:cooked_mutton":5,"minecraft:air":0,"minecraft:iron_boots":1,"minecraft:iron_chestplate":1,"minecraft:stick":28,"minecraft:iron_ingot":8,"minecraft:stone_pickaxe":4,"minecraft:chest":1,"minecraft:stone_sword":2,"minecraft:iron_leggings":1,"minecraft:white_bed":1,"minecraft:torch":48},"minecraft:picked_up":{"minecraft:crafting_table":5,"minecraft:salmon":2,"minecraft:potato":1,"minecraft:flint":1,"minecraft:oak_log":1,"jeg:scrap":7,"minecraft:lapis_lazuli":26,"skilltree:gem":20,"minecraft:dirt":57,"minecraft:string":19,"jeg:grenade":1,"minecraft:bone":8,"minecraft:wheat_seeds":1,"minecraft:iron_ingot":12,"minecraft:stone_pickaxe":2,"minecraft:iron_boots":1,"minecraft:raw_iron":42,"minecraft:torch":27,"minecraft:gravel":13,"minecraft:porkchop":5,"minecraft:amethyst_shard":2,"tombstone:grave_dust":2,"minecraft:diorite":6,"minecraft:spruce_log":17,"minecraft:spider_eye":4,"alexsmobs:animal_dictionary":1,"jeg:healing_talisman":2,"minecraft:arrow":5,"minecraft:rotten_flesh":7,"minecraft:slime_ball":5,"minecraft:stone_axe":1,"k_turrets:raw_titanium":3,"alexscaves:spelunkery_table":1,"minecraft:granite":17,"projectvibrantjourneys:orange_bark_mushroom":3,"minecraft:mutton":5,"minecraft:coal":85,"minecraft:white_wool":3,"minecraft:cobblestone":335,"minecraft:ender_pearl":2},"minecraft:mined":{"minecraft:large_amethyst_bud":1,"alexscaves:spelunkery_table":1,"jeg:scrap_ore":3,"ecologics:thin_ice":2,"minecraft:granite":15,"minecraft:crafting_table":5,"minecraft:torch":8,"minecraft:grass_block":6,"projectvibrantjourneys:mossy_rocks":1,"minecraft:cobblestone":12,"minecraft:spruce_leaves":1,"minecraft:lapis_ore":4,"minecraft:diorite":2,"minecraft:wall_torch":11,"minecraft:iron_ore":43,"minecraft:spruce_log":18,"minecraft:oak_log":1,"k_turrets:titanium_ore":3,"minecraft:coal_ore":83,"minecraft:gravel":13,"minecraft:dirt":49,"minecraft:cobweb":14,"minecraft:stone":322,"minecraft:tripwire":1},"minecraft:dropped":{"minecraft:gravel":7,"minecraft:stone_axe":1,"minecraft:wheat_seeds":1,"alexsmobs:animal_dictionary":1,"minecraft:crafting_table":1,"minecraft:raw_iron":13,"minecraft:rotten_flesh":4,"minecraft:cobblestone":33,"minecraft:iron_boots":1,"jeg:scrap":7,"minecraft:salmon":1,"projectvibrantjourneys:orange_bark_mushroom":3,"minecraft:gunpowder":2,"minecraft:diorite":1,"minecraft:torch":3,"minecraft:spruce_planks":5,"skilltree:gem":8,"k_turrets:raw_titanium":3,"tombstone:grave_dust":1,"minecraft:spider_eye":2,"minecraft:arrow":4,"minecraft:wooden_pickaxe":1,"minecraft:stone_pickaxe":2,"minecraft:string":4},"minecraft:killed_by":{"minecraft:player":2,"minecraft:creeper":1,"minecraft:spider":1,"minecraft:zombie":2},"minecraft:custom":{"minecraft:interact_with_furnace":16,"minecraft:mob_kills":39,"minecraft:interact_with_crafting_table":21,"minecraft:open_barrel":2,"minecraft:interact_with_loom":1,"minecraft:leave_game":2,"minecraft:time_since_death":35529,"minecraft:time_since_rest":35381,"minecraft:sprint_one_cm":236303,"minecraft:damage_taken":3676,"minecraft:walk_one_cm":240631,"minecraft:drop":34,"minecraft:damage_dealt":5701,"minecraft:open_chest":1,"minecraft:player_kills":2,"minecraft:swim_one_cm":8379,"minecraft:fly_one_cm":276936,"minecraft:play_time":102549,"minecraft:crouch_one_cm":1211,"minecraft:sneak_time":991,"tombstone:undead_killed":14,"minecraft:deaths":10,"minecraft:walk_under_water_one_cm":36137,"minecraft:jump":1457,"minecraft:walk_on_water_one_cm":23441,"minecraft:total_world_time":102549,"minecraft:fall_one_cm":27492},"minecraft:killed":{"minecraft:pig":2,"minecraft:salmon":2,"alexsmobs:raccoon":2,"minecraft:spider":7,"minecraft:slime":7,"minecraft:sheep":3,"minecraft:skeleton":6,"minecraft:zombie":7,"minecraft:drowned":1}},"DataVersion":3465}