{"stats":{"minecraft:custom":{"minecraft:jump":87,"minecraft:time_since_rest":5530,"minecraft:walk_one_cm":17876,"minecraft:leave_game":2,"minecraft:play_time":7017,"minecraft:sprint_one_cm":34937,"minecraft:damage_taken":350,"minecraft:time_since_death":5885,"minecraft:deaths":1,"minecraft:sneak_time":13,"minecraft:total_world_time":7017,"minecraft:drop":7,"minecraft:fall_one_cm":2148,"minecraft:fly_one_cm":27339},"minecraft:dropped":{"minecraft:golden_apple":7},"minecraft:picked_up":{"minecraft:arrow":1,"minecraft:golden_apple":16,"minecraft:bone":4,"minecraft:rotten_flesh":8,"alexsmobs:maggot":1},"minecraft:killed_by":{"minecraft:zombie":1},"minecraft:used":{"minecraft:golden_apple":2,"alexsmobs:animal_dictionary":1}},"DataVersion":3465}