{"stats":{"minecraft:picked_up":{"minecraft:crafting_table":2,"minecraft:salmon":2,"minecraft:potato":1,"minecraft:flint":1,"jeg:scrap":7,"skilltree:gem":20,"minecraft:dirt":44,"minecraft:string":12,"jeg:grenade":1,"minecraft:bone":8,"minecraft:wheat_seeds":1,"minecraft:iron_ingot":12,"minecraft:stone_pickaxe":2,"minecraft:iron_boots":1,"minecraft:raw_iron":40,"minecraft:torch":22,"minecraft:gravel":13,"minecraft:porkchop":5,"minecraft:amethyst_shard":2,"tombstone:grave_dust":2,"minecraft:diorite":1,"minecraft:spruce_log":17,"alexsmobs:animal_dictionary":1,"minecraft:spider_eye":4,"jeg:healing_talisman":2,"minecraft:arrow":5,"minecraft:rotten_flesh":7,"minecraft:slime_ball":5,"k_turrets:raw_titanium":3,"alexscaves:spelunkery_table":1,"minecraft:granite":2,"projectvibrantjourneys:orange_bark_mushroom":3,"minecraft:mutton":5,"minecraft:coal":85,"minecraft:white_wool":3,"minecraft:cobblestone":219,"minecraft:ender_pearl":2},"minecraft:dropped":{"minecraft:gravel":7,"minecraft:wheat_seeds":1,"alexsmobs:animal_dictionary":1,"minecraft:crafting_table":1,"minecraft:raw_iron":13,"minecraft:rotten_flesh":4,"minecraft:cobblestone":33,"minecraft:iron_boots":1,"jeg:scrap":7,"minecraft:salmon":1,"projectvibrantjourneys:orange_bark_mushroom":3,"minecraft:gunpowder":2,"minecraft:diorite":1,"minecraft:torch":3,"minecraft:spruce_planks":5,"skilltree:gem":8,"k_turrets:raw_titanium":3,"tombstone:grave_dust":1,"minecraft:spider_eye":2,"minecraft:arrow":4,"minecraft:wooden_pickaxe":1,"minecraft:stone_pickaxe":2,"minecraft:string":4},"minecraft:killed":{"minecraft:pig":2,"minecraft:salmon":2,"alexsmobs:raccoon":2,"minecraft:spider":7,"minecraft:slime":7,"minecraft:sheep":3,"minecraft:skeleton":6,"minecraft:zombie":7,"minecraft:drowned":1},"minecraft:broken":{"minecraft:stone_pickaxe":2,"minecraft:stone_sword":1},"minecraft:used":{"minecraft:cooked_mutton":5,"minecraft:stone_sword":139,"minecraft:stone_pickaxe":357,"minecraft:ender_pearl":1,"minecraft:wooden_pickaxe":18,"minecraft:rotten_flesh":3,"minecraft:salmon":1,"minecraft:torch":63,"minecraft:dirt":44,"minecraft:crafting_table":6,"minecraft:white_bed":1,"minecraft:granite":1,"jeg:grenade":1,"minecraft:gravel":6,"minecraft:stone_axe":29,"minecraft:cobblestone":18,"minecraft:furnace":2,"minecraft:cooked_porkchop":5,"tombstone:gift":3,"alexsmobs:animal_dictionary":4},"minecraft:killed_by":{"minecraft:player":2,"minecraft:creeper":1,"minecraft:spider":1,"minecraft:zombie":2},"minecraft:mined":{"alexscaves:spelunkery_table":1,"jeg:scrap_ore":3,"ecologics:thin_ice":2,"minecraft:crafting_table":2,"minecraft:torch":6,"minecraft:grass_block":6,"minecraft:cobblestone":4,"minecraft:spruce_leaves":1,"minecraft:diorite":1,"minecraft:wall_torch":9,"minecraft:iron_ore":41,"minecraft:spruce_log":18,"k_turrets:titanium_ore":3,"minecraft:coal_ore":83,"minecraft:gravel":13,"minecraft:dirt":36,"minecraft:cobweb":8,"minecraft:stone":209},"minecraft:crafted":{"minecraft:cooked_porkchop":5,"minecraft:crafting_table":5,"minecraft:spruce_planks":68,"minecraft:wooden_pickaxe":1,"minecraft:furnace":2,"minecraft:stone_axe":1,"minecraft:cooked_mutton":5,"minecraft:air":0,"minecraft:iron_boots":1,"minecraft:iron_chestplate":1,"minecraft:stick":28,"minecraft:iron_ingot":8,"minecraft:stone_pickaxe":3,"minecraft:stone_sword":2,"minecraft:iron_leggings":1,"minecraft:white_bed":1,"minecraft:torch":44},"minecraft:custom":{"minecraft:interact_with_furnace":13,"minecraft:mob_kills":39,"minecraft:open_barrel":1,"minecraft:interact_with_crafting_table":17,"minecraft:leave_game":2,"minecraft:time_since_death":17647,"minecraft:time_since_rest":17499,"minecraft:sprint_one_cm":200684,"minecraft:damage_taken":3646,"minecraft:walk_one_cm":181463,"minecraft:drop":33,"minecraft:damage_dealt":5701,"minecraft:swim_one_cm":8379,"minecraft:fly_one_cm":275577,"minecraft:player_kills":2,"minecraft:crouch_one_cm":1211,"minecraft:play_time":84667,"tombstone:undead_killed":14,"minecraft:deaths":10,"minecraft:sneak_time":985,"minecraft:walk_under_water_one_cm":36137,"minecraft:jump":1364,"minecraft:walk_on_water_one_cm":20284,"minecraft:total_world_time":84667,"minecraft:fall_one_cm":26712}},"DataVersion":3465}