{"stats":{"minecraft:crafted":{"minecraft:furnace":6,"minecraft:stone":64,"minecraft:cooked_mutton":5,"minecraft:iron_boots":1,"minecraft:spruce_slab":12,"minecraft:stone_pickaxe":10,"minecraft:chest":6,"minecraft:stone_bricks":64,"minecraft:cooked_porkchop":5,"minecraft:crafting_table":7,"minecraft:spruce_planks":160,"minecraft:wooden_pickaxe":1,"minecraft:iron_helmet":1,"minecraft:stone_axe":2,"minecraft:air":0,"minecraft:white_wool":3,"minecraft:iron_chestplate":1,"minecraft:stick":44,"minecraft:iron_ingot":13,"minecraft:stone_sword":2,"minecraft:iron_leggings":1,"minecraft:white_bed":2,"minecraft:torch":64},"minecraft:custom":{"minecraft:mob_kills":40,"minecraft:interact_with_crafting_table":32,"minecraft:open_barrel":2,"minecraft:leave_game":3,"minecraft:time_since_death":4489,"minecraft:sprint_one_cm":283478,"minecraft:walk_one_cm":494560,"minecraft:drop":34,"minecraft:play_time":168637,"minecraft:deaths":12,"minecraft:sneak_time":1173,"minecraft:walk_under_water_one_cm":36137,"minecraft:jump":1956,"minecraft:interact_with_blast_furnace":1,"minecraft:walk_on_water_one_cm":23441,"minecraft:total_world_time":168637,"minecraft:interact_with_furnace":29,"minecraft:interact_with_loom":1,"minecraft:sleep_in_bed":1,"minecraft:time_since_rest":4333,"minecraft:damage_taken":4092,"minecraft:damage_dealt":5871,"minecraft:swim_one_cm":8379,"minecraft:fly_one_cm":284525,"minecraft:player_kills":2,"minecraft:open_chest":6,"minecraft:crouch_one_cm":1303,"tombstone:undead_killed":15,"minecraft:fall_one_cm":29416},"minecraft:used":{"minecraft:stone_sword":145,"minecraft:spruce_slab":12,"minecraft:chest":6,"minecraft:spruce_planks":42,"minecraft:rotten_flesh":3,"minecraft:torch":95,"minecraft:dirt":106,"minecraft:granite":16,"jeg:grenade":1,"minecraft:stone_bricks":62,"alexscaves:spelunkery_table":1,"minecraft:furnace":6,"tombstone:gift":3,"minecraft:cooked_mutton":5,"minecraft:diorite":5,"minecraft:stone_pickaxe":1170,"minecraft:ender_pearl":1,"minecraft:wooden_pickaxe":18,"minecraft:salmon":1,"minecraft:glow_berries":4,"minecraft:crafting_table":11,"minecraft:white_bed":2,"minecraft:spruce_log":33,"minecraft:oak_log":1,"minecraft:string":1,"minecraft:spruce_sapling":2,"minecraft:iron_door":1,"minecraft:gravel":6,"minecraft:stone_axe":178,"minecraft:cobblestone":147,"minecraft:cooked_porkchop":5,"alexsmobs:animal_dictionary":4},"minecraft:broken":{"minecraft:stone_sword":1,"minecraft:stone_pickaxe":8,"minecraft:stone_axe":1},"minecraft:mined":{"alexscaves:spelunkery_table":1,"minecraft:large_amethyst_bud":1,"minecraft:spruce_planks":4,"minecraft:granite":40,"minecraft:grass_block":65,"minecraft:spruce_leaves":23,"minecraft:iron_ore":44,"minecraft:andesite":29,"minecraft:stripped_spruce_log":1,"minecraft:stone":719,"minecraft:tripwire":1,"jeg:scrap_ore":6,"ecologics:thin_ice":2,"minecraft:crafting_table":5,"minecraft:torch":11,"projectvibrantjourneys:mossy_rocks":1,"minecraft:copper_ore":3,"minecraft:cobblestone":43,"minecraft:lapis_ore":4,"minecraft:diorite":34,"minecraft:wall_torch":17,"minecraft:spruce_log":132,"k_turrets:titanium_ore":3,"minecraft:oak_log":1,"minecraft:coal_ore":137,"projectvibrantjourneys:short_grass":3,"minecraft:gravel":13,"minecraft:dirt":117,"minecraft:cobweb":14,"minecraft:stone_bricks":26},"minecraft:picked_up":{"minecraft:crafting_table":5,"minecraft:string":19,"minecraft:raw_copper":11,"minecraft:spruce_planks":7,"minecraft:iron_boots":1,"minecraft:raw_iron":43,"minecraft:stick":6,"projectvibrantjourneys:bark_mushroom":4,"minecraft:torch":38,"minecraft:porkchop":5,"tombstone:grave_dust":2,"minecraft:diorite":39,"jeg:healing_talisman":2,"minecraft:arrow":5,"minecraft:rotten_flesh":7,"k_turrets:raw_titanium":3,"alexscaves:spelunkery_table":1,"minecraft:mutton":5,"minecraft:snowball":14,"minecraft:white_wool":3,"minecraft:cobblestone":751,"minecraft:iron_door":1,"minecraft:salmon":2,"minecraft:andesite":29,"projectvibrantjourneys:fallen_leaves":1,"minecraft:potato":1,"minecraft:flint":1,"minecraft:oak_log":1,"jeg:scrap":13,"minecraft:lapis_lazuli":26,"skilltree:gem":28,"minecraft:dirt":194,"jeg:grenade":1,"minecraft:bone":8,"minecraft:stone_bricks":26,"minecraft:wheat_seeds":5,"minecraft:stone_pickaxe":2,"minecraft:iron_ingot":12,"jeg:tech_trash":1,"minecraft:gravel":13,"minecraft:amethyst_shard":2,"minecraft:stripped_spruce_log":1,"minecraft:spruce_sapling":5,"minecraft:spruce_log":126,"alexsmobs:animal_dictionary":1,"minecraft:spider_eye":4,"minecraft:slime_ball":5,"minecraft:stone_axe":1,"minecraft:granite":42,"projectvibrantjourneys:orange_bark_mushroom":3,"minecraft:coal":139,"minecraft:ender_pearl":2},"minecraft:killed":{"alexsmobs:raccoon":2,"minecraft:spider":7,"minecraft:slime":7,"minecraft:skeleton":7,"minecraft:drowned":1,"minecraft:pig":2,"minecraft:salmon":2,"minecraft:sheep":3,"minecraft:zombie":7},"minecraft:killed_by":{"minecraft:player":4,"minecraft:creeper":1,"minecraft:spider":1,"minecraft:zombie":2},"minecraft:dropped":{"minecraft:wheat_seeds":1,"minecraft:crafting_table":1,"minecraft:cobblestone":33,"jeg:scrap":7,"projectvibrantjourneys:orange_bark_mushroom":3,"minecraft:diorite":1,"minecraft:torch":3,"skilltree:gem":8,"tombstone:grave_dust":1,"minecraft:string":4,"minecraft:gravel":7,"minecraft:stone_axe":1,"alexsmobs:animal_dictionary":1,"minecraft:raw_iron":13,"minecraft:rotten_flesh":4,"minecraft:iron_boots":1,"minecraft:salmon":1,"minecraft:gunpowder":2,"minecraft:spruce_planks":5,"k_turrets:raw_titanium":3,"minecraft:spider_eye":2,"minecraft:arrow":4,"minecraft:wooden_pickaxe":1,"minecraft:stone_pickaxe":2}},"DataVersion":3465}