{"stats":{"minecraft:crafted":{"minecraft:furnace":8,"minecraft:stone":64,"minecraft:bone_meal":27,"minecraft:cooked_mutton":5,"minecraft:spruce_stairs":88,"minecraft:iron_boots":1,"minecraft:spruce_slab":12,"minecraft:stone_pickaxe":13,"minecraft:chest":26,"minecraft:stone_hoe":1,"minecraft:stone_bricks":64,"minecraft:cooked_porkchop":5,"minecraft:crafting_table":9,"minecraft:spruce_planks":552,"minecraft:wooden_pickaxe":1,"minecraft:iron_helmet":1,"minecraft:bucket":1,"minecraft:stone_axe":2,"minecraft:air":0,"minecraft:white_wool":3,"minecraft:iron_chestplate":1,"minecraft:stick":52,"minecraft:iron_ingot":14,"minecraft:stone_sword":2,"minecraft:iron_leggings":1,"minecraft:white_bed":2,"minecraft:torch":112},"minecraft:custom":{"minecraft:mob_kills":40,"minecraft:interact_with_crafting_table":45,"minecraft:open_barrel":2,"minecraft:leave_game":3,"minecraft:time_since_death":52489,"minecraft:sprint_one_cm":379939,"minecraft:walk_one_cm":685720,"minecraft:drop":36,"minecraft:play_time":216637,"minecraft:deaths":12,"minecraft:sneak_time":1251,"minecraft:walk_under_water_one_cm":36137,"minecraft:jump":2054,"minecraft:interact_with_blast_furnace":1,"minecraft:walk_on_water_one_cm":23782,"minecraft:total_world_time":216637,"minecraft:interact_with_furnace":32,"minecraft:interact_with_loom":1,"minecraft:sleep_in_bed":1,"minecraft:time_since_rest":52333,"minecraft:damage_taken":4092,"minecraft:damage_dealt":5979,"minecraft:swim_one_cm":8379,"minecraft:fly_one_cm":293429,"minecraft:player_kills":2,"minecraft:open_chest":37,"minecraft:crouch_one_cm":1306,"tombstone:undead_killed":15,"minecraft:fall_one_cm":29416},"minecraft:used":{"minecraft:stone_sword":145,"minecraft:spruce_slab":12,"minecraft:chest":26,"minecraft:spruce_planks":89,"minecraft:stone_hoe":22,"minecraft:rotten_flesh":3,"minecraft:torch":147,"minecraft:dirt":203,"minecraft:spruce_stairs":76,"minecraft:granite":16,"jeg:grenade":1,"minecraft:stone_bricks":62,"alexscaves:spelunkery_table":1,"minecraft:furnace":8,"tombstone:gift":3,"minecraft:potato":34,"minecraft:cooked_mutton":5,"minecraft:water_bucket":2,"minecraft:diorite":5,"minecraft:stone_pickaxe":1603,"minecraft:ender_pearl":1,"minecraft:wooden_pickaxe":18,"minecraft:salmon":1,"minecraft:glow_berries":4,"minecraft:crafting_table":13,"minecraft:white_bed":2,"minecraft:spruce_log":33,"minecraft:oak_log":1,"minecraft:string":1,"minecraft:spruce_sapling":16,"minecraft:iron_door":1,"minecraft:gravel":6,"minecraft:stone_axe":249,"minecraft:cobblestone":174,"edible_zombie_flesh:cooked_flesh":2,"minecraft:cooked_porkchop":5,"minecraft:bucket":2,"alexsmobs:animal_dictionary":4,"minecraft:bone_meal":27},"minecraft:broken":{"minecraft:stone_sword":1,"minecraft:stone_pickaxe":12,"minecraft:stone_axe":2},"minecraft:mined":{"alexscaves:spelunkery_table":1,"minecraft:large_amethyst_bud":1,"minecraft:spruce_planks":8,"minecraft:granite":41,"minecraft:grass_block":66,"minecraft:spruce_leaves":39,"minecraft:large_fern":1,"minecraft:iron_ore":44,"minecraft:andesite":48,"minecraft:stripped_spruce_log":1,"minecraft:potatoes":12,"minecraft:stone":1075,"minecraft:tripwire":1,"jeg:scrap_ore":12,"ecologics:thin_ice":2,"minecraft:crafting_table":5,"minecraft:torch":31,"projectvibrantjourneys:mossy_rocks":1,"minecraft:copper_ore":15,"minecraft:cobblestone":59,"minecraft:lapis_ore":9,"minecraft:diorite":49,"minecraft:wall_torch":26,"minecraft:spruce_stairs":6,"minecraft:spruce_log":175,"k_turrets:titanium_ore":3,"minecraft:oak_log":1,"minecraft:coal_ore":137,"projectvibrantjourneys:short_grass":5,"minecraft:gravel":13,"minecraft:dirt":127,"minecraft:cobweb":14,"minecraft:stone_bricks":26},"minecraft:picked_up":{"minecraft:crafting_table":5,"edible_zombie_flesh:cooked_flesh":5,"minecraft:string":19,"minecraft:raw_copper":57,"minecraft:spruce_planks":11,"farmersdelight:cabbage_seeds":21,"minecraft:iron_boots":1,"minecraft:raw_iron":43,"minecraft:stick":12,"projectvibrantjourneys:bark_mushroom":4,"minecraft:torch":77,"minecraft:spruce_stairs":7,"minecraft:porkchop":5,"farmersdelight:tomato_seeds":4,"tombstone:grave_dust":4,"minecraft:diorite":54,"jeg:healing_talisman":2,"minecraft:arrow":5,"minecraft:rotten_flesh":7,"k_turrets:raw_titanium":3,"alexscaves:spelunkery_table":1,"minecraft:mutton":5,"minecraft:snowball":14,"minecraft:white_wool":3,"minecraft:cobblestone":1129,"minecraft:iron_door":1,"minecraft:salmon":2,"minecraft:andesite":48,"projectvibrantjourneys:fallen_leaves":1,"minecraft:potato":45,"minecraft:flint":1,"minecraft:oak_log":1,"jeg:scrap":25,"minecraft:lapis_lazuli":64,"skilltree:gem":32,"minecraft:dirt":205,"jeg:grenade":1,"minecraft:bone":8,"minecraft:stone_bricks":26,"minecraft:bow":1,"minecraft:wheat_seeds":5,"minecraft:stone_pickaxe":3,"minecraft:iron_ingot":13,"jeg:tech_trash":2,"projectvibrantjourneys:light_brown_bark_mushroom":1,"minecraft:gravel":13,"minecraft:amethyst_shard":2,"minecraft:stripped_spruce_log":1,"minecraft:spruce_sapling":18,"minecraft:spruce_log":170,"alexsmobs:animal_dictionary":1,"minecraft:spider_eye":4,"minecraft:pumpkin_seeds":4,"minecraft:slime_ball":5,"minecraft:stone_axe":1,"minecraft:granite":43,"projectvibrantjourneys:orange_bark_mushroom":3,"minecraft:melon_seeds":3,"minecraft:coal":139,"minecraft:ender_pearl":2},"minecraft:killed":{"alexsmobs:raccoon":2,"minecraft:spider":7,"minecraft:slime":7,"minecraft:skeleton":7,"minecraft:drowned":1,"minecraft:pig":2,"minecraft:salmon":2,"minecraft:sheep":3,"minecraft:zombie":7},"minecraft:killed_by":{"minecraft:player":4,"minecraft:creeper":1,"minecraft:spider":1,"minecraft:zombie":2},"minecraft:dropped":{"minecraft:wheat_seeds":1,"minecraft:crafting_table":1,"minecraft:cobblestone":33,"jeg:scrap":7,"minecraft:spruce_stairs":1,"projectvibrantjourneys:orange_bark_mushroom":3,"minecraft:diorite":1,"minecraft:torch":3,"skilltree:gem":8,"tombstone:grave_dust":1,"minecraft:string":4,"minecraft:gravel":7,"minecraft:stone_axe":1,"alexsmobs:animal_dictionary":1,"minecraft:raw_iron":13,"minecraft:rotten_flesh":4,"minecraft:iron_boots":1,"minecraft:salmon":1,"minecraft:gunpowder":2,"minecraft:spruce_planks":5,"k_turrets:raw_titanium":3,"minecraft:spider_eye":2,"minecraft:arrow":4,"minecraft:wooden_pickaxe":1,"minecraft:stone_pickaxe":3}},"DataVersion":3465}