{"stats":{"minecraft:crafted":{"minecraft:cooked_porkchop":5,"minecraft:crafting_table":7,"minecraft:spruce_planks":68,"minecraft:wooden_pickaxe":1,"minecraft:furnace":6,"minecraft:stone_axe":1,"minecraft:cooked_mutton":5,"minecraft:air":0,"minecraft:iron_chestplate":1,"minecraft:iron_boots":1,"minecraft:white_wool":3,"minecraft:stick":32,"minecraft:iron_ingot":8,"minecraft:stone_pickaxe":5,"minecraft:stone_sword":2,"minecraft:chest":1,"minecraft:iron_leggings":1,"minecraft:white_bed":2,"minecraft:torch":64},"minecraft:custom":{"minecraft:interact_with_furnace":17,"minecraft:mob_kills":40,"minecraft:interact_with_crafting_table":23,"minecraft:open_barrel":2,"minecraft:interact_with_loom":1,"minecraft:leave_game":3,"minecraft:time_since_death":12220,"minecraft:sleep_in_bed":1,"minecraft:time_since_rest":12052,"minecraft:sprint_one_cm":264752,"minecraft:damage_taken":3862,"minecraft:walk_one_cm":280465,"minecraft:drop":34,"minecraft:damage_dealt":5871,"minecraft:play_time":120637,"minecraft:player_kills":2,"minecraft:swim_one_cm":8379,"minecraft:fly_one_cm":283060,"minecraft:crouch_one_cm":1267,"minecraft:open_chest":1,"minecraft:sneak_time":998,"tombstone:undead_killed":15,"minecraft:deaths":11,"minecraft:walk_under_water_one_cm":36137,"minecraft:jump":1630,"minecraft:walk_on_water_one_cm":23441,"minecraft:total_world_time":120637,"minecraft:fall_one_cm":28237},"minecraft:used":{"minecraft:cooked_mutton":5,"minecraft:diorite":5,"minecraft:stone_sword":145,"minecraft:stone_pickaxe":559,"minecraft:chest":1,"minecraft:ender_pearl":1,"minecraft:wooden_pickaxe":18,"minecraft:rotten_flesh":3,"minecraft:glow_berries":4,"minecraft:salmon":1,"minecraft:torch":74,"minecraft:dirt":86,"minecraft:crafting_table":11,"minecraft:white_bed":2,"minecraft:granite":5,"minecraft:spruce_log":2,"jeg:grenade":1,"minecraft:oak_log":1,"minecraft:string":1,"alexscaves:spelunkery_table":1,"minecraft:stone_axe":90,"minecraft:gravel":6,"minecraft:cobblestone":75,"minecraft:furnace":6,"minecraft:cooked_porkchop":5,"tombstone:gift":3,"alexsmobs:animal_dictionary":4},"minecraft:mined":{"alexscaves:spelunkery_table":1,"minecraft:large_amethyst_bud":1,"jeg:scrap_ore":3,"ecologics:thin_ice":2,"minecraft:crafting_table":5,"minecraft:torch":9,"minecraft:granite":18,"minecraft:grass_block":55,"projectvibrantjourneys:mossy_rocks":1,"minecraft:cobblestone":14,"minecraft:spruce_leaves":8,"minecraft:lapis_ore":4,"minecraft:diorite":2,"minecraft:wall_torch":12,"minecraft:iron_ore":43,"minecraft:spruce_log":65,"minecraft:andesite":6,"k_turrets:titanium_ore":3,"minecraft:coal_ore":83,"minecraft:oak_log":1,"projectvibrantjourneys:short_grass":2,"minecraft:gravel":13,"minecraft:dirt":79,"minecraft:cobweb":14,"minecraft:stone":334,"minecraft:tripwire":1},"minecraft:broken":{"minecraft:stone_pickaxe":4,"minecraft:stone_sword":1},"minecraft:picked_up":{"minecraft:crafting_table":5,"minecraft:andesite":6,"minecraft:salmon":2,"minecraft:potato":1,"minecraft:flint":1,"minecraft:oak_log":1,"jeg:scrap":7,"skilltree:gem":20,"minecraft:lapis_lazuli":26,"minecraft:string":19,"minecraft:dirt":145,"jeg:grenade":1,"minecraft:bone":8,"minecraft:wheat_seeds":5,"minecraft:iron_ingot":12,"minecraft:stone_pickaxe":2,"minecraft:iron_boots":1,"minecraft:stick":1,"minecraft:raw_iron":42,"projectvibrantjourneys:bark_mushroom":3,"minecraft:torch":29,"minecraft:gravel":13,"minecraft:porkchop":5,"minecraft:amethyst_shard":2,"minecraft:spruce_sapling":2,"tombstone:grave_dust":2,"minecraft:diorite":6,"minecraft:spruce_log":62,"minecraft:spider_eye":4,"alexsmobs:animal_dictionary":1,"jeg:healing_talisman":2,"minecraft:arrow":5,"minecraft:rotten_flesh":7,"minecraft:slime_ball":5,"minecraft:stone_axe":1,"k_turrets:raw_titanium":3,"alexscaves:spelunkery_table":1,"minecraft:granite":20,"projectvibrantjourneys:orange_bark_mushroom":3,"minecraft:mutton":5,"minecraft:coal":85,"minecraft:snowball":14,"minecraft:white_wool":3,"minecraft:cobblestone":346,"minecraft:ender_pearl":2},"minecraft:killed":{"minecraft:pig":2,"minecraft:salmon":2,"alexsmobs:raccoon":2,"minecraft:spider":7,"minecraft:slime":7,"minecraft:skeleton":7,"minecraft:sheep":3,"minecraft:zombie":7,"minecraft:drowned":1},"minecraft:killed_by":{"minecraft:player":3,"minecraft:creeper":1,"minecraft:spider":1,"minecraft:zombie":2},"minecraft:dropped":{"minecraft:gravel":7,"minecraft:stone_axe":1,"minecraft:wheat_seeds":1,"alexsmobs:animal_dictionary":1,"minecraft:crafting_table":1,"minecraft:raw_iron":13,"minecraft:cobblestone":33,"minecraft:rotten_flesh":4,"minecraft:iron_boots":1,"jeg:scrap":7,"minecraft:salmon":1,"projectvibrantjourneys:orange_bark_mushroom":3,"minecraft:gunpowder":2,"minecraft:diorite":1,"minecraft:torch":3,"minecraft:spruce_planks":5,"skilltree:gem":8,"k_turrets:raw_titanium":3,"tombstone:grave_dust":1,"minecraft:spider_eye":2,"minecraft:arrow":4,"minecraft:stone_pickaxe":2,"minecraft:wooden_pickaxe":1,"minecraft:string":4}},"DataVersion":3465}